구분,버스명,AP별 이용량(GB)
마을버스,성서교통_노원01_서울70사6805,1463.83899264 
마을버스,청화운수_서초09_서울70사9239,1148.91100675 
마을버스,청화운수_서초09_서울71사2907,1129.97753546 
마을버스,목동운수_양천02_서울75사5200,1097.22912312 
마을버스,은곡운수_강남06-2_서울70사9440,950.14904626 
마을버스,인헌운수_관악02_서울70사9037,933.27349983 
마을버스,목동운수_양천02_서울75사5128,858.96893404 
마을버스,목동운수_양천01_서울70사8022,823.11028615 
마을버스,인헌운수_관악02_서울75사5007,783.32860954 
마을버스,목동운수_양천01_서울75사5133,776.08630061 
마을버스,목동운수_양천01_서울75사5132,750.44739060 
마을버스,목동운수_양천02_서울70사7934,745.44988573 
마을버스,성서교통_노원11_서울75사3578,737.89575137 
마을버스,염동운수_강서07_서울75사8125,736.35345325 
마을버스,목동운수_양천01_서울75사5129,734.90081355 
마을버스,목동운수_양천01_서울70사8030,717.34631434 
마을버스,대운교통_강서05_서울71사2254,703.25506851 
마을버스,번창운수_노원15_서울75사3553,689.30456415 
마을버스,인헌운수_관악02_서울70사8907,689.11029026 
마을버스,일원교통_강남01_서울75사3379,680.43005653 
마을버스,삼하운수_서대문11_서울70사7286,677.77356133 
마을버스,인헌운수_관악02_서울70사8909,676.15850829 
마을버스,번창운수_노원15_서울75사3643,676.05480552 
마을버스,목동운수_양천01_서울75사5156,665.75665027 
마을버스,목동운수_양천01_서울75사5198,652.88128331 
마을버스,서북운수_서대문05_서울70사7210,650.87811090 
마을버스,인헌운수_관악02_서울70사8985,640.02526924 
마을버스,목동운수_양천02_서울75사5201,638.60113733 
마을버스,목동운수_양천02_서울75사5131,626.99707225 
마을버스,합성마을_동작06_서울75사8710,625.77459961 
마을버스,목동운수_양천01_서울70사8029,625.66436827 
마을버스,미봉운수_강북05_서울75사3196,620.77819370 
마을버스,인헌운수_관악02_서울70사8906,614.87420462 
마을버스,인헌운수_관악02_서울70사8908,614.61657286 
마을버스,인헌운수_관악02_서울70사8905,612.61053197 
마을버스,인헌운수_관악02_서울70사9038,603.70940715 
마을버스,삼하운수_서대문11_서울71사2381,595.45367025 
마을버스,인헌운수_관악02_서울70사8904,592.10370295 
마을버스,청암운수_서초18-1_서울70사9135,588.33557181 
마을버스,은곡운수_강남06_서울75사4010,584.86175723 
마을버스,구의교통_광진03_서울75사3348,583.96728709 
마을버스,신목교통_양천03_서울70사8014,577.69262232 
마을버스,일원교통_강남01_서울70사9315,577.05114596 
마을버스,목동운수_양천02_서울75사5376,571.85241953 
마을버스,목동운수_양천02_서울75사5202,571.79632597 
마을버스,우리교통_양천04_서울70사7907,563.40320036 
마을버스,목동운수_양천01_서울75사5199,556.06042035 
마을버스,사당3동_동작16_서울70사3033,555.38946763 
마을버스,아리랑교통_성북01_서울75사6415,550.75122043 
마을버스,정암운수_마포10_서울75사7742,549.44817908 
마을버스,삼하운수_서대문11_서울70사7215,544.20294240 
마을버스,흑석운수_동작01_서울75사5504,537.44940087 
마을버스,미봉운수_강북05_서울75사3115,531.82903677 
마을버스,사당3동_동작18_서울75사8723,524.89025518 
마을버스,오렌지교통_노원02_서울70사6903,522.69591950 
마을버스,선흥상운_서초21_서울75사9113,522.03235216 
마을버스,상도3동_동작11_서울75사8744,521.58489823 
마을버스,청암운수_서초18_서울75사9306 ,518.29259843 
마을버스,신목교통_양천03_서울75사8302,517.01653749 
마을버스,삼하운수_서대문11_서울75사5386,516.62805490 
마을버스,신목교통_양천03_서울75사5064,513.66033964 
마을버스,은곡운수_강남06-2_서울70사9449,510.93649305 
마을버스,신목교통_양천03_서울70사8013,509.18353256 
마을버스,신목교통_양천03_서울75사5049,509.00137331 
마을버스,신목교통_양천03_서울75사5048,505.12811262 
마을버스,번창운수_노원15_서울75사3129,496.23254407 
마을버스,번창운수_노원15_서울70사6614,495.76623552 
마을버스,신목교통_양천03_서울75사5045,492.41210893 
마을버스,삼하운수_서대문11_서울70사7285,489.86352514 
마을버스,은곡운수_강남06_서울70사9439,484.97497570 
마을버스,마포운수_마포15_서울75사5240,484.70672593 
마을버스,번창운수_노원15_서울75사3644,484.41973887 
마을버스,구의교통_광진03_서울75사3576,480.86517304 
마을버스,복지운수_강북09_서울75사3337,478.80392428 
마을버스,성서교통_노원11_서울75사3157,478.46392822 
마을버스,번창운수_노원15_서울75사3638,476.40570067 
마을버스,청암운수_서초18_서울71사2919,471.35617025 
마을버스,번창운수_노원15_서울70사6615,469.69137527 
마을버스,번창운수_노원14_서울70사6821,467.96225011 
마을버스,신목교통_양천03_서울75사5047,467.30358899 
마을버스,번창운수_노원15_서울70사6840,466.40496794 
마을버스,은곡운수_강남06-1_서울75사3290,465.61956778 
마을버스,번창운수_노원15_서울75사3122,464.25558440 
마을버스,신목교통_양천03_서울70사8028,462.19592262 
마을버스,구민버스_서초18_서울75사9115,459.86315887 
마을버스,번창운수_노원15_서울75사3132,458.92883278 
마을버스,복지운수_강북09_서울75사3662,452.26153545 
마을버스,번창운수_노원15_서울75사3119,450.86468477 
마을버스,청화운수_서초09_서울70사9130,450.39147977 
마을버스,구민버스_서초18_서울75사3460,449.74182174 
마을버스,연일교통_서대문03_서울70사7306,448.24060053 
마을버스,번창운수_노원15_서울70사6823,446.86755352 
마을버스,흑석운수_동작21_서울75사5502,446.29901089 
마을버스,번창운수_노원15_서울75사3120,446.15719561 
마을버스,번창운수_노원15_서울75사3637,445.56561299 
마을버스,합정운수_마포16_서울75사5392,445.36193833 
마을버스,개포운수_강남05_서울70사9307,444.80770919 
마을버스,개포운수_강남05_서울70사9309,444.33609024 
마을버스,연일교통_서대문03_서울75사7211,444.02676355 
마을버스,노들운수_동작03_서울75사8826,443.49572714 
마을버스,강동교통_강동05_서울75사9733,442.08801258 
마을버스,연일교통_서대문03_서울75사5182,441.09793101 
마을버스,번창운수_노원14_서울75사3641,440.33373985 
마을버스,은곡운수_강남06_서울75사4011,439.70843498 
마을버스,구민버스_서초18_서울75사9114,439.00311273 
마을버스,온누리운수_마포06_서울70사7750,438.99243139 
마을버스,온누리운수_마포06_서울74사1445,436.62777729 
마을버스,구민버스_서초18_서울75사3461,436.33831758 
마을버스,은곡운수_강남06_서울71사3291,435.03829930 
마을버스,나경운수_종로05_서울70사5522,432.67452996 
마을버스,온누리운수_마포06_서울75사5186,431.84558116 
마을버스,갈현운수_은평09_서울70사7130,431.55071978 
마을버스,인헌운수_관악05_서울70사9082,430.14303595 
마을버스,연일교통_서대문03_서울75사7210,429.64376789 
마을버스,번창운수_노원15_서울70사6811,428.11608873 
마을버스,번창운수_노원15_서울70사6613,426.89419538 
마을버스,연일교통_서대문03_서울75사7209,426.49154644 
마을버스,은곡운수_강남06_서울75사3274,424.29217510 
마을버스,우리운송_동대문01_서울75사6120,423.46987873 
마을버스,은곡운수_강남06_서울70사9316,423.07019047 
마을버스,세광운수_관악08_서울70사9004,422.85314947 
마을버스,태화운수_서대문12_서울75사5300,421.02017254 
마을버스,미봉운수_강북06_서울75사3652,420.84347550 
마을버스,복지운수_강북11_서울71사1221,419.73962449 
마을버스,온누리운수_마포06_서울75사5203,418.79168712 
마을버스,영운교통_은평06_서울75사5398,417.42471326 
마을버스,은곡운수_강남06_서울75사3237,416.04537982 
마을버스,오렌지교통_노원02_서울75사6815,416.03588872 
마을버스,충정운수_서대문02_서울70사7209,416.02050792 
마을버스,구민버스_서초18_서울75사1684,416.00961331 
마을버스,삼하운수_서대문11_서울70사7236,415.98669440 
마을버스,번창운수_노원14_서울75사3642,415.25991820 
마을버스,구의교통_광진03_서울75사3322,415.24139419 
마을버스,청암운수_서초18-1_서울75사6221,414.18252606 
마을버스,온누리운수_마포06_서울75사5161,413.99124172 
마을버스,청암운수_서초18_서울75사9713,413.41705341 
마을버스,사당3동_동작07_서울75사3032,412.95355186 
마을버스,범일운수_금천01_서울75사5018,412.27868665 
마을버스,태화운수_서대문12_서울70사7226,410.89370754 
마을버스,미봉운수_강북05_서울75사3314,407.91394003 
마을버스,미봉운수_강북05_서울71사1294,407.33999666 
마을버스,온누리운수_마포06_서울75사5185,405.96188325 
마을버스,복지운수_강북09_서울75사3251,405.72555549 
마을버스,형일교통_영등포01_서울75사5247,405.70330806 
마을버스,온누리운수_마포06_서울70사7751,403.52166723 
마을버스,은곡운수_강남06_서울75사3625,402.04840060 
마을버스,신림운수_관악08_서울70사8918,399.13159143 
마을버스,복지운수_강북11_서울71사1292,398.29708822 
마을버스,복지운수_강북11_서울71사1215,398.24700914 
마을버스,복지운수_강북09_서울75사3336,395.86361684 
마을버스,아리랑교통_성북01_서울75사3357,393.84533651 
마을버스,청화운수_서초09_서울75사3364,393.79840065 
마을버스,오렌지교통_노원02_서울75사6818,393.71765126 
마을버스,길음운수_성북08_서울75사3558,393.58105510 
마을버스,경성운수_금천05_서울70사5937,393.44201703 
마을버스,복지운수_강북11_서울71사1300,392.59951748 
마을버스,청암운수_서초18_서울70사9293,392.31720008 
마을버스,미봉운수_강북05_서울71사1222,392.25857519 
마을버스,청암운수_서초18_서울75사9305,390.52890055 
마을버스,은곡운수_강남06_서울75사3229,390.04489128 
마을버스,온누리운수_마포06_서울75사5159,387.78552227 
마을버스,노들운수_동작03_서울75사8810,387.53436320 
마을버스,복지운수_강북09_서울75사3661,386.53390482 
마을버스,서초교통_서초10_서울70사9244,386.30645722 
마을버스,아리랑교통_성북01_서울75사3090,386.26977522 
마을버스,번창운수_노원14_서울70사6859,385.73297113 
마을버스,청화운수_서초09_서울70사9249,385.22128295 
마을버스,흑석운수_동작01_서울75사8775,383.58914200 
마을버스,복지운수_강북11_서울75사3195,382.99435470 
마을버스,인헌운수_관악05_서울70사9081,382.52050802 
마을버스,오렌지교통_노원02_서울70사6888,381.64575212 
마을버스,오렌지교통_노원02_서울75사6816,381.14212081 
마을버스,청록운수_도봉02_서울75사3341,380.69653325 
마을버스,세광운수_관악08_서울75사5319,380.07559162 
마을버스,보라매운수_동작05_서울75사8713,378.30920424 
마을버스,복지운수_강북11_서울75사3197,376.15240458 
마을버스,청진운수_서초13_서울70사3261,375.65258797 
마을버스,길음운수_성북08_서울75사3037,375.34960918 
마을버스,구민버스_서초18_서울75사3264,374.70996100 
마을버스,개포운수_강남05_서울70사9363,373.20797704 
마을버스,흑석운수_동작01_서울75사3597,373.14410415 
마을버스,대운교통_강서05-1_서울71사2508,372.85778765 
마을버스,복지운수_강북11_서울75사3312,372.70315550 
마을버스,청암운수_서초18_서울75사9103,372.69262690 
마을버스,번창운수_노원14_서울75사3323,372.30255082 
마을버스,미봉운수_강북06_서울75사3660,372.09762540 
마을버스,구민버스_서초18_서울75사3462,371.89535517 
마을버스,오렌지교통_노원02_서울70사6893,371.41815200 
마을버스,개포운수_강남05_서울75사9302,371.13906816 
마을버스,은곡운수_강남06_서울75사3256,370.72241213 
마을버스,정암운수_마포09_서울70사7715,370.59020996 
마을버스,범일운수_금천01_서울71사1594,368.93267836 
마을버스,염동운수_강서06_서울70사8167,368.64575185 
마을버스,청진운수_서초13_서울75사3162,368.28887928 
마을버스,인헌운수_관악05_서울75사8907,367.63732880 
마을버스,오봉운수_구로01_서울75사8309,367.47201532 
마을버스,오렌지교통_노원02_서울75사3045,366.63040146 
마을버스,경성운수_금천07_서울71사1415,366.29626434 
마을버스,미봉운수_강북05_서울75사3659,365.67355320 
마을버스,청화운수_서초09_서울70사9131,365.37841801 
마을버스,은곡운수_강남06_서울75사3238,364.31002803 
마을버스,청화운수_서초09_서울75사3363,364.23406936 
마을버스,신림운수_관악08_서울75사5000,363.41378745 
마을버스,상도3동_동작11_서울75사8746,362.03247029 
마을버스,청화운수_서초09_서울70사9238,361.97051965 
마을버스,흑석운수_동작01_서울75사5506,361.92086805 
마을버스,복지운수_강북11_서울71사1299,361.83734145 
마을버스,인헌운수_관악05_서울75사5154,361.37228366 
마을버스,상도3동_동작02_서울75사3299,359.90686063 
마을버스,한빛운수_광진05_서울75사5138,358.07461571 
마을버스,인헌운수_관악05_서울70사9083,357.67443851 
마을버스,구민버스_서초18_서울71사2920,357.37405438 
마을버스,연일교통_서대문03_서울70사7313,357.17358440 
마을버스,은곡운수_강남06-1_서울75사3626,357.00073279 
마을버스,구민버스_서초18-1_서울70사9111,356.96417280 
마을버스,복지운수_강북09_서울75사3155,356.89090006 
마을버스,세광운수_관악08_서울70사9072,356.73269629 
마을버스,노들운수_동작03_서울75사8809,356.21615592 
마을버스,선흥상운_서초21_서울70사9117,356.21533170 
마을버스,번창운수_노원14_서울70사6621,354.70126383 
마을버스,우리마을버스_금천06_서울75사5235,354.12533581 
마을버스,미봉운수_강북05_서울75사3356,353.30102500 
마을버스,복지운수_강북09_서울75사3252,353.18716429 
마을버스,노들운수_동작03_서울75사8807,353.00897248 
마을버스,부생운수_서초15_서울70사9136,352.57278476 
마을버스,충정운수_서대문02_서울75사5298,352.35437006 
마을버스,개포운수_강남05_서울70사9308,352.11654659 
마을버스,세광운수_관악08_서울75사8903,351.80474818 
마을버스,미봉운수_강북04_서울71사1254,351.79907270 
마을버스,서초교통_서초10_서울70사9158,351.65335052 
마을버스,우리운송_동대문01_서울75사6118,351.38171352 
마을버스,범일운수_금천01_서울71사1592,351.37066618 
마을버스,흑석운수_동작01_서울75사8773,351.21905524 
마을버스,일원교통_강남01_서울70사9443,349.97692890 
마을버스,신명운수_강동01_서울75사9721,349.92288239 
마을버스,서북운수_서대문06_서울70사7234,349.52044673 
마을버스,쌍문운수_도봉07_서울70사6642,348.19985926 
마을버스,세광운수_관악08_서울75사5318,348.03985618 
마을버스,범일운수_금천01_서울75사5183,346.28259297 
마을버스,쌍문운수_도봉06_서울75사3470,345.52716091 
마을버스,길음운수_성북09_서울70사6580,345.19122355 
마을버스,개포운수_강남05_서울70사9362,345.10345478 
마을버스,구민버스_서초18_서울75사3260,344.63491850 
마을버스,번창운수_노원14_서울70사6836,344.52694748 
마을버스,구의교통_광진02_서울71사1014,344.01333611 
마을버스,은곡운수_강남06_서울71사2001,343.91918965 
마을버스,흑석운수_동작01_서울75사8774,343.13354455 
마을버스,고려승객_성북21_서울75사2987,342.38796961 
마을버스,합정운수_마포16_서울75사5394,341.87454265 
마을버스,흑석운수_동작01_서울75사3594,341.60488937 
마을버스,범일운수_금천01_서울71사2510,341.41748026 
마을버스,광일운수_서초17_서울75사3588,341.00534022 
마을버스,범일운수_금천01_서울71사1593,340.72436485 
마을버스,영운교통_은평06_서울75사7001,340.44781514 
마을버스,금강운수_관악03_서울70사9068,340.40350374 
마을버스,아리랑교통_성북01_서울75사3297,340.14352411 
마을버스,번창운수_노원14_서울75사3150,339.77893088 
마을버스,석계운수_성북12_서울75사6406,339.73446675 
마을버스,일원교통_강남01_서울75사6416,339.36325088 
마을버스,대영마을_영등포03_서울70사8506,338.68420403 
마을버스,서초교통_서초10_서울70사9243,338.45919836 
마을버스,대상운수_금천03_서울71사1599,338.31378166 
마을버스,구의교통_광진03_서울75사3321,338.19000237 
마을버스,번창운수_노원14_서울75사3609,337.88607828 
마을버스,나경운수_종로05_서울70사5506,337.74587978 
마을버스,강동교통_강동05_서울75사9736,336.92984004 
마을버스,은천운수_관악01_서울70사9064,335.46756022 
마을버스,아리랑교통_성북01_서울70사6414,335.33221390 
마을버스,흑석운수_동작01_서울75사8819,335.28979495 
마을버스,충정운수_서대문02_서울75사5180,335.18618811 
마을버스,대상운수_금천04_서울71사2505,334.97998025 
마을버스,청록운수_도봉03_서울75사3187,334.73925758 
마을버스,노들운수_동작03_서울75사8808,334.69290193 
마을버스,갈현운수_은평03_서울70사7031,334.57885776 
마을버스,신림운수_관악08_서울70사9079,334.55310017 
마을버스,흑석운수_동작01_서울75사8802,334.28784180 
마을버스,와룡운수_종로08_서울70사5536,334.15045124 
마을버스,우리운송_동대문01_서울75사6119,334.03393533 
마을버스,새롬교통_강남10_서울70사9303,333.90399162 
마을버스,청록운수_도봉03_서울71사3292,333.90179463 
마을버스,청암운수_서초18_서울75사9304,333.71942118 
마을버스,왕금운수_성동01_서울75사3298,333.18130486 
마을버스,세광운수_관악08_서울70사9073,333.12499989 
마을버스,정암운수_마포10_서울70사7758,331.85220324 
마을버스,은천운수_관악01_서울70사9063,331.77633677 
마을버스,서초교통_서초10_서울75사3632,331.51815832 
마을버스,미봉운수_강북06_서울75사3194,331.45516925 
마을버스,신호운수_관악06_서울75사5137,330.39746061 
마을버스,상도3동_동작02_서울75사3300,329.12832685 
마을버스,마포운수_마포15_서울75사5219,328.60974129 
마을버스,승마교통_마포07_서울75사5111,328.34320050 
마을버스,서북운수_서대문05_서울70사7214,327.33178698 
마을버스,아리랑교통_성북22_서울70사6600,326.85852051 
마을버스,은천운수_관악01_서울70사9065,326.85217261 
마을버스,진양교통_도봉09_서울70사6645,326.31164510 
마을버스,은천운수_관악01_서울70사9066,326.02368202 
마을버스,아리랑교통_성북01_서울70사6576,325.21966565 
마을버스,개포운수_강남05_서울75사6422,324.46981780 
마을버스,금강운수_관악03_서울75사5279,324.09185823 
마을버스,형일교통_영등포01_서울75사5246,323.53915367 
마을버스,청화운수_서초09_서울70사9248,323.03646859 
마을버스,미봉운수_강북05_서울75사3116,322.94320688 
마을버스,개포운수_강남05_서울70사9304,322.08480872 
마을버스,개포운수_강남05_서울75사9303,320.15939336 
마을버스,청화운수_서초09_서울70사9154,319.79324296 
마을버스,범일운수_금천01_서울75사5017,319.41149943 
마을버스,흑석운수_동작01_서울75사8838,319.06222552 
마을버스,강동교통_강동02_서울75사9745,318.97140481 
마을버스,서북운수_서대문05_서울70사7212,318.74963362 
마을버스,서초그린교통_서초02_서울75사3630,318.44720431 
마을버스,하이상운_강북08_서울71사1209,318.03811621 
마을버스,금강운수_관악03_서울75사5254,317.56274402 
마을버스,길음운수_성북08_서울70사6595,317.29141250 
마을버스,일원교통_강남01_서울70사9448,317.25656148 
마을버스,쌍문운수_도봉07_서울70사6643,317.03521684 
마을버스,난곡운수_관악10_서울75사5096,317.02383421 
마을버스,왕금운수_성동01_서울70사5901,317.01727305 
마을버스,청화운수_서초09_서울75사3366,315.87603781 
마을버스,진양교통_도봉09_서울75사3639,315.79244975 
마을버스,한빛운수_광진05_서울75사5125,315.44909626 
마을버스,번창운수_노원14_서울75사3143,315.31665009 
마을버스,강동교통_강동05_서울75사9718,315.20993076 
마을버스,진양교통_도봉09_서울75사3395,315.19528199 
마을버스,한강운수_영등포13_서울75사5126,314.44915757 
마을버스,보라매마을버스_동작05-1_서울75사8753,314.13964834 
마을버스,청진운수_서초13_서울70사9230,313.36636376 
마을버스,부생운수_서초15_서울70사9145,313.01876809 
마을버스,청화운수_서초09_서울71사2912,312.67773453 
마을버스,청진운수_서초13_서울75사3269,312.61520367 
마을버스,연일교통_서대문03_서울75사7202,312.38006614 
마을버스,금강운수_관악03_서울75사5022,311.94488518 
마을버스,아리랑교통_성북01_서울75사6414,311.70379650 
마을버스,범일운수_금천01_서울71사1427,310.88040117 
마을버스,와룡운수_종로08_서울75사3615,309.82910190 
마을버스,청진운수_서초13_서울75사3253,309.35656745 
마을버스,포이운수_강남02_서울75사3287,309.07696579 
마을버스,범일운수_금천01_서울75사5184,308.83837864 
마을버스,한강운수_영등포12_서울75사3384,308.55804402 
마을버스,난곡운수_관악10_서울70사9080,308.25707968 
마을버스,청진운수_서초13_서울70사9120,308.12377948 
마을버스,범일운수_금천02_서울75사5173,307.44427536 
마을버스,서북운수_서대문05_서울70사7213,307.06265289 
마을버스,포이운수_강남02_서울75사3354,306.18414283 
마을버스,양정운수_영등포09_서울70사8516,305.71582075 
마을버스,청진운수_서초13_서울70사9123,304.90020756 
마을버스,금강운수_관악03_서울75사5253,304.86218259 
마을버스,번창운수_노원14_서울75사3210,304.49288897 
마을버스,미봉운수_강북05_서울75사3192,303.68417315 
마을버스,서초교통_서초10_서울70사9149,302.89797951 
마을버스,미봉운수_강북06_서울75사3191,302.88561992 
마을버스,인헌운수_관악02_서울75사5294,302.41128523 
마을버스,광장운수_광진01_서울75사3308,302.25384515 
마을버스,청진운수_서초13_서울75사3585,302.21200548 
마을버스,포이운수_강남02_서울75사3283,302.04318278 
마을버스,청진운수_서초13_서울75사3583,301.85900908 
마을버스,정암운수_마포09_서울70사7717,301.53463781 
마을버스,청화운수_서초09_서울70사9155,301.38085969 
마을버스,구의교통_광진03_서울75사3350,300.83233677 
마을버스,사당3동_동작17_서울75사8720,300.55206269 
마을버스,구의교통_광진03_서울75사3320,300.54516625 
마을버스,금강운수_관악03_서울75사5023,300.07254053 
마을버스,삼하운수_서대문11_서울71사2380,299.37680066 
마을버스,구의교통_광진03_서울75사3349,299.25949126 
마을버스,범일운수_금천01_서울71사1591,298.91906772 
마을버스,금강운수_관악03_서울75사5162,298.89138788 
마을버스,포이운수_강남02_서울70사9370,298.85665886 
마을버스,휘경운수_동대문03_서울75사6104,298.69638104 
마을버스,구의교통_광진04_서울71사1004,298.66638221 
마을버스,서대문구_서대문01_서울70사7294,298.37402329 
마을버스,연일교통_서대문03_서울70사7241,298.15167282 
마을버스,부일교통_서대문01_서울75사5297,297.59433027 
마을버스,포이운수_강남02_서울70사9371,297.59063758 
마을버스,범일운수_금천02_서울75사5174,297.09075950 
마을버스,신목교통_양천03_서울75사7913,296.28167767 
마을버스,은천운수_관악01_서울70사9071,296.17040977 
마을버스,미봉운수_강북06_서울71사6272,296.07467633 
마을버스,범일운수_금천01_서울71사1421,296.06311023 
마을버스,흑석운수_동작21_서울75사4004,296.01400718 
마을버스,상도3동_동작11_서울75사8742,295.78521755 
마을버스,흑석운수_동작01_서울75사8818,295.09881604 
마을버스,우리운송_동대문01_서울75사6133,294.41149905 
마을버스,범일운수_금천01_서울71사1428,294.37167384 
마을버스,우리교통_양천04_서울70사7910,294.36074849 
마을버스,선흥상운_서초21_서울75사9108,293.78244001 
마을버스,청록운수_도봉03_서울70사6641,292.87210107 
마을버스,강동교통_강동05_서울75사9716,292.35906992 
마을버스,고려승객_성북21_서울75사3024,292.31085163 
마을버스,충정운수_서대문02_서울75사5167,292.23800637 
마을버스,오렌지교통_노원02_서울75사6819,292.22512804 
마을버스,광일운수_서초17_서울70사9245,292.17706341 
마을버스,강동교통_강동02_서울75사9717,292.08718892 
마을버스,상도3동_동작02_서울75사8745,291.84066784 
마을버스,안암교통_성북04_서울75사3296,291.58715811 
마을버스,남산운수_용산03_서울75사5717,291.53308086 
마을버스,은천운수_관악01_서울75사8904,291.34942591 
마을버스,강동교통_강동05_서울75사9722,290.80715962 
마을버스,진양교통_도봉09_서울70사6635,290.25756847 
마을버스,신수동마을_마포12_서울75사5278,290.23925774 
마을버스,양정운수_영등포09_서울70사8519,289.77111820 
마을버스,마포운수_마포15_서울75사5241,288.45324740 
마을버스,서북운수_서대문05_서울70사7211,288.43298368 
마을버스,청록운수_도봉02_서울75사3147,288.22576907 
마을버스,범일운수_금천01_서울71사1596,288.09057642 
마을버스,금천운수_금천08_서울70사9429,287.88623028 
마을버스,부민운수_강서02_서울70사8108,287.67541517 
마을버스,은천운수_관악01_서울70사9074,287.64312714 
마을버스,미봉운수_강북06_서울75사3118,287.12307755 
마을버스,부생운수_서초15_서울70사9146,286.81832924 
마을버스,세광운수_관악07_서울70사9078,286.59500089 
마을버스,화계운수_강북02_서울75사3428,286.46264691 
마을버스,강동교통_강동05_서울75사9737,286.42172273 
마을버스,길음운수_성북09_서울70사6436,286.21105943 
마을버스,마포운수_마포15_서울70사7734,285.57543922 
마을버스,우리교통_양천04_서울70사7916,285.17926019 
마을버스,염동운수_강서04_서울71사2291,285.07745359 
마을버스,신수동마을_마포11_서울75사5218,285.05615238 
마을버스,오렌지교통_노원02_서울70사6841,284.88705400 
마을버스,청록운수_도봉01_서울75사3240,284.85153243 
마을버스,강동교통_강동05_서울75사9746,284.68905669 
마을버스,부생운수_서초15_서울70사9138,284.29702763 
마을버스,계현운수_서초22_서울75사3250,284.26995873 
마을버스,우리교통_양천04_서울75사8312,284.23413076 
마을버스,부생운수_서초15_서울70사9137,283.78106654 
마을버스,정암운수_마포09_서울75사7761,283.26782212 
마을버스,왕금운수_성동01_서울75사3302,283.21359213 
마을버스,합정운수_마포16_서울75사7702,282.99465962 
마을버스,번창운수_노원14_서울70사6820,282.97048993 
마을버스,금천운수_금천08_서울70사9431,282.63238538 
마을버스,번창운수_노원15_서울75사3565,282.28909336 
마을버스,금창운수_노원03_서울75사6813,282.09744301 
마을버스,미향운수_서대문14_서울70사7302,281.47952259 
마을버스,범일운수_금천01_서울71사1422,280.90295382 
마을버스,청록운수_도봉02_서울75사3343,280.47354147 
마을버스,청진운수_서초13_서울75사3584,279.72174063 
마을버스,한마음교통_노원09_서울75사3429,279.49478105 
마을버스,범일운수_금천01_서울71사1597,279.35333271 
마을버스,대운교통_강서05_서울70사8113,279.32623308 
마을버스,인왕교통_종로09_서울75사3169,278.96209713 
마을버스,성암운수_마포08_서울70사7721,278.73233054 
마을버스,진양교통_도봉09_서울70사6634,278.24981697 
마을버스,신명운수_강동01_서울75사9704,277.89736912 
마을버스,정암운수_마포10_서울75사7743,277.86309831 
마을버스,일원교통_강남01_서울75사3380,277.75576804 
마을버스,강동교통_강동02_서울75사3039,277.72070281 
마을버스,왕금운수_성동01_서울75사3621,277.50173956 
마을버스,서일교통_서초03_서울70사9246,276.89779643 
마을버스,진양교통_도봉09_서울75사3426,276.68731660 
마을버스,쌍문운수_도봉05_서울75사3166,276.55621339 
마을버스,서북운수_서대문05_서울75사5084,275.80044512 
마을버스,쌍문운수_도봉05_서울75사3382,275.00884980 
마을버스,포이운수_강남02_서울75사3285,274.78591911 
마을버스,서초그린교통_서초02_서울75사3146,274.66104086 
마을버스,형일교통_영등포01_서울75사5306,272.53839094 
마을버스,염동운수_강서06_서울71사2277,272.09292632 
마을버스,왕금운수_성동01_서울75사3587,272.01095596 
마을버스,신명운수_강동01_서울75사9707,271.89181559 
마을버스,염동운수_강서04_서울70사8120,271.84433024 
마을버스,석계운수_성북14_서울75사3376,271.54730260 
마을버스,상도3동_동작11_서울75사5091,271.37976047 
마을버스,상도3동_동작11_서울75사8743,271.13851905 
마을버스,대운교통_강서05-1_서울70사6833,271.07299771 
마을버스,쌍문운수_도봉05_서울70사6637,270.93978878 
마을버스,구의교통_광진04_서울71사1003,270.68240382 
마을버스,한마음교통_노원09_서울70사6830,270.67889366 
마을버스,염동운수_강서07_서울71사2294,270.59323154 
마을버스,포이운수_강남02_서울75사3288,270.55929601 
마을버스,왕금운수_성동01_서울70사5932,270.27069125 
마을버스,대상운수_금천03_서울75사5055,270.17489634 
마을버스,부일교통_서대문01_서울75사5375,270.05007956 
마을버스,광일운수_서초17_서울70사9220,269.22174077 
마을버스,계현운수_서초22_서울70사9300,269.04483046 
마을버스,일원교통_강남01_서울70사9426,268.86694320 
마을버스,신명운수_강동01_서울75사9705,267.97345001 
마을버스,구의교통_광진04_서울71사1007,267.28891023 
마을버스,청록운수_도봉01_서울75사3230,267.09207147 
마을버스,난곡운수_관악10_서울70사9076,266.19226113 
마을버스,스마일버스_강남07_서울75사4101,265.69107082 
마을버스,강동교통_강동05_서울75사9726,265.32736234 
마을버스,한빛운수_광진05_서울70사8542,265.28857462 
마을버스,염동운수_강서06_서울75사8105,265.13290405 
마을버스,사당3동_동작07_서울75사3028,265.09249862 
마을버스,화계운수_강북02_서울75사3137,265.01004025 
마을버스,인헌운수_관악04_서울70사8927,264.96292092 
마을버스,스마일버스_강남07_서울75사3647,264.93289229 
마을버스,신림운수_관악08_서울70사9016,264.48767073 
마을버스,정암운수_마포09_서울74사3969,264.47406039 
마을버스,보라매운수_동작05_서울75사8828,264.34033178 
마을버스,성서교통_노원11_서울75사3645,264.12576251 
마을버스,진양교통_도봉09_서울75사3571,263.75256386 
마을버스,강동교통_강동02_서울75사9714,263.24639935 
마을버스,우리교통_양천04_서울70사7914,263.14849872 
마을버스,광일운수_서초17_서울70사9126,262.92965654 
마을버스,은천운수_관악01_서울70사9067,262.71115150 
마을버스,일원교통_강남01_서울75사3328,262.56494131 
마을버스,선흥상운_서초21_서울75사9111,262.54541054 
마을버스,신명운수_강동01_서울75사9720,262.53363024 
마을버스,계현운수_서초22_서울70사9286,261.91552728 
마을버스,하이상운_강북08_서울71사1202,261.85855083 
마을버스,일원교통_강남03_서울75사3329,261.70004252 
마을버스,강동교통_강동02_서울75사9724,261.63873263 
마을버스,강동교통_강동02_서울75사9715,261.53854374 
마을버스,신명운수_강동01_서울75사9703,261.21972688 
마을버스,성암운수_마포08_서울75사5369,260.90362575 
마을버스,우리교통_양천04_서울75사8311,260.46438608 
마을버스,화계운수_강북02_서울75사3654,260.31347644 
마을버스,양재운수_서초08_서울71사2909,260.30267309 
마을버스,세광운수_관악08_서울71사2004,260.17666608 
마을버스,영운운수_은평05_서울75사7204,259.91183426 
마을버스,석계운수_성북13_서울75사2968,259.79116838 
마을버스,광일운수_서초17_서울75사9101,259.65341181 
마을버스,선흥상운_서초21_서울75사9110,259.50259436 
마을버스,성서교통_노원11_서울75사3579,259.39758308 
마을버스,합정운수_마포16_서울75사5393,259.38543677 
마을버스,신명운수_강동01_서울75사9728,258.71328730 
마을버스,진양교통_도봉09_서울71사3289,258.68914835 
마을버스,금천운수_금천08_서울70사9428,258.50082375 
마을버스,선흥상운_서초21_서울75사9112,258.19473248 
마을버스,휘경운수_동대문03_서울75사6130,257.96963461 
마을버스,왕금운수_성동01_서울70사5902,257.60223344 
마을버스,금천운수_금천08_서울71사2634,257.59643596 
마을버스,우리교통_양천04_서울70사7909,256.59292564 
마을버스,금양운수_용산04_서울75사4110,256.50439411 
마을버스,신림운수_관악08_서울70사9017,256.17117342 
마을버스,휘경운수_동대문03_서울75사6121,256.09045383 
마을버스,강동교통_강동02_서울75사9723,255.60723897 
마을버스,태현교통_동대문05_서울75사6125,255.34587074 
마을버스,정암운수_마포09_서울70사7726,255.12152072 
마을버스,난곡운수_관악10_서울70사8917,254.98529058 
마을버스,대상운수_금천03_서울75사8306,254.88946494 
마을버스,형일교통_영등포01_서울75사5248,254.55444306 
마을버스,강동교통_강동02_서울75사3040,254.35260031 
마을버스,정암운수_마포09_서울74사3112,254.27702349 
마을버스,형일교통_영등포01_서울70사8536,254.22139000 
마을버스,마포운수_마포15_서울75사5120,254.12792992 
마을버스,신호운수_관악06_서울75사5224,253.89761385 
마을버스,성암운수_마포08_서울70사7702,253.58909648 
마을버스,청록운수_도봉04_서울70사6610,253.54199205 
마을버스,범일운수_금천01_서울75사5016,253.46153229 
마을버스,대상운수_금천03_서울75사5053,253.23115569 
마을버스,사당3동_동작16_서울75사8721,253.06208804 
마을버스,길음운수_성북08_서울71사1603,252.97822617 
마을버스,명승운수_동작08_서울75사8729,252.73355097 
마을버스,금천운수_금천08_서울70사9433,252.71783490 
마을버스,화계운수_강북02_서울71사1272,252.58590654 
마을버스,정암운수_마포10_서울70사7716,251.55217014 
마을버스,강동교통_강동02_서울75사9727,251.54824834 
마을버스,염동운수_강서04_서울75사8126,251.31297298 
마을버스,정암운수_마포09_서울70사7718,251.26118492 
마을버스,보라매운수_동작05_서울75사5003,251.23443641 
마을버스,합성마을_동작06_서울75사8761,251.20838918 
마을버스,합정운수_마포16_서울70사7710,251.10356137 
마을버스,휘경운수_동대문03_서울75사6101,250.92149340 
마을버스,세광운수_관악07_서울70사8919,250.91709942 
마을버스,대운교통_강서05_서울71사2289,250.46687294 
마을버스,충정운수_서대문02_서울70사7290,250.24565123 
마을버스,선흥상운_서초21_서울75사9109,250.17001387 
마을버스,부일교통_서대문01_서울75사5299,249.94076509 
마을버스,스마일버스_강남07_서울75사3372,249.85264614 
마을버스,합정운수_마포16_서울75사7703,249.83544927 
마을버스,대운교통_강서05_서울70사8112,249.29304514 
마을버스,쌍문운수_도봉07_서울70사6602,249.08137508 
마을버스,대운교통_강서05_서울75사5382,248.64408839 
마을버스,미봉운수_강북04_서울75사3114,248.49659763 
마을버스,서일교통_서초03_서울70사9101,248.08122218 
마을버스,쌍문운수_도봉07_서울70사6604,247.88348377 
마을버스,일원교통_강남01_서울75가3333,247.79327400 
마을버스,범일운수_금천01_서울71사1595,247.59909045 
마을버스,서일교통_서초03_서울70사9288,247.20762670 
마을버스,합성마을_동작14_서울75사8760,247.11123668 
마을버스,강동교통_강동02_서울75사9741,246.83110043 
마을버스,일원교통_강남03_서울70사9442,246.47287000 
마을버스,금천운수_금천08_서울71사2522,246.46287505 
마을버스,보라매마을버스_동작05-1_서울75사8754,245.79495285 
마을버스,수락운수_노원08_서울70사6883,245.74276712 
마을버스,선흥상운_서초21_서울70사9115,245.58276404 
마을버스,광일운수_서초17_서울75사3590,245.02142332 
마을버스,염동운수_강서06_서울75사8103,244.89109777 
마을버스,신호운수_관악06_서울75사5255,244.65452600 
마을버스,웅산교통_마포01_서울70사7821,244.31236275 
마을버스,청록운수_도봉02_서울75사3159,244.29466203 
마을버스,광일운수_서초16_서울75사3591,244.11007669 
마을버스,양재운수_서초20_서울75사3263,243.64703335 
마을버스,선진운수_은평04_서울75사5397,243.48518346 
마을버스,수락운수_노원08_서울70사6818,243.27049218 
마을버스,석계운수_성북13_서울70사6417,243.04998759 
마을버스,수락운수_노원08_서울70사6819,242.97666922 
마을버스,대상운수_금천04_서울71사2503,242.14752205 
마을버스,수락운수_노원08_서울70사6884,242.12104827 
마을버스,정암운수_마포09_서울70사7725,242.11869854 
마을버스,대운교통_강서05_서울75사5383,241.94491562 
마을버스,수락운수_노원08_서울70사6889,241.34936556 
마을버스,선흥상운_서초21_서울71사2911,241.33575428 
마을버스,합정운수_마포16_서울70사7814,241.29035976 
마을버스,금천운수_금천08_서울70사9427,241.23881571 
마을버스,대영마을_영등포05_서울75사5326,240.43237325 
마을버스,난곡운수_관악10_서울75사8912,239.91528340 
마을버스,합정운수_마포16_서울75사7701,239.37641922 
마을버스,청록운수_도봉01_서울75사3338,239.25030511 
마을버스,대운교통_강서05_서울71사2255,239.12799079 
마을버스,금양운수_용산04_서울71사1010,239.11767546 
마을버스,성암운수_마포08_서울70사7722,238.62676974 
마을버스,진양교통_도봉09_서울75사3570,238.25163301 
마을버스,형일교통_영등포01_서울75사5245,238.17987088 
마을버스,난곡운수_관악10_서울70사8912,237.80104052 
마을버스,신호운수_관악06_서울75사5104,237.61824053 
마을버스,난곡운수_관악10_서울75사5005,237.43605055 
마을버스,마포운수_마포15_서울75사5114,237.38105781 
마을버스,형일교통_영등포01_서울75사5249,237.19116207 
마을버스,보라매마을버스_동작05-1_서울75사8711,236.89164780 
마을버스,청진교통_서초14_서울75사6401,236.60524003 
마을버스,은성운수_관악11_서울74사5257,236.46546900 
마을버스,종로운수_종로03_서울75사3189,236.36457790 
마을버스,대운교통_강서05_서울70사8106,236.35563627 
마을버스,삼하운수_서대문11_서울75사3398,236.25268601 
마을버스,신호운수_관악06_서울75사5103,236.17631570 
마을버스,금호교통_성동08_서울75사5305,236.13865674 
마을버스,인헌운수_관악04_서울70사9069,235.90008542 
마을버스,대영마을_영등포08_서울70사8556,235.73515285 
마을버스,쌍문운수_도봉05_서울75사3471,235.64216588 
마을버스,수락운수_노원08_서울75사3055,235.44570897 
마을버스,오렌지교통_노원02_서울75사6817,235.38772576 
마을버스,일원교통_강남03_서울75사3331,234.71469153 
마을버스,인헌운수_관악04_서울70사8986,234.34904497 
마을버스,쌍문운수_도봉07_서울70사6601,234.33003202 
마을버스,형일교통_영등포01_서울70사8523,234.23820455 
마을버스,대운교통_강서05_서울71사2509,234.06280484 
마을버스,태경운수_영등포02_서울70사8543,233.97871386 
마을버스,쌍문운수_도봉05_서울70사6623,233.90270956 
마을버스,쌍문운수_도봉07_서울70사6603,233.66017174 
마을버스,인수운수_강북01_서울75사3127,233.33923332 
마을버스,스마일버스_강남07_서울75사3646,233.32215846 
마을버스,은성운수_관악11_서울74사5263,232.82620218 
마을버스,진양교통_도봉09_서울75사3635,232.53045697 
마을버스,대운교통_강서05_서울70사8105,232.51362611 
마을버스,흑석운수_동작01_서울75사8801,232.37109371 
마을버스,대운교통_강서05_서울75사5380,232.27290343 
마을버스,강동교통_강동05_서울75사9725,231.90570064 
마을버스,서일교통_서초03_서울75사3267,231.40388448 
마을버스,쌍문운수_도봉07_서울70사6606,231.33227509 
마을버스,인헌운수_관악02_서울75사5295,231.02601618 
마을버스,인왕교통_종로09_서울75사2013,230.88261392 
마을버스,신명운수_강동01_서울75사9731,230.85354641 
마을버스,부생운수_서초15_서울70사9133,230.85055500 
마을버스,성암운수_마포08_서울70사7720,230.44757079 
마을버스,청록운수_도봉01_서울70사6644,229.31593284 
마을버스,삼하운수_서대문13_서울70사7207,229.15382404 
마을버스,금양운수_용산04_서울74아1002,229.05390896 
마을버스,쌍문운수_도봉05_서울70사6630,228.65165677 
마을버스,수락운수_노원08_서울70사6817,228.58508304 
마을버스,염동운수_강서06_서울70사8109,228.05448901 
마을버스,신명운수_강동01_서울75사9710,227.85437014 
마을버스,정암운수_마포09_서울70사7818,227.74249222 
마을버스,청록운수_도봉04_서울75사3228,227.72723343 
마을버스,서초그린교통_서초02_서울70사9107,227.68481448 
마을버스,금창운수_노원03_서울70사6834,227.62706038 
마을버스,와룡운수_종로08_서울75사6201,227.54243482 
마을버스,스마일버스_강남07_서울70사9435,226.98966973 
마을버스,선흥상운_서초21_서울70사9105,226.93841532 
마을버스,성암운수_마포08_서울70사7732,226.88546777 
마을버스,쌍문운수_도봉07_서울70사6607,226.77760292 
마을버스,대상운수_금천03_서울75사8301,226.71266180 
마을버스,낙산운수_성동03_서울75사3327,226.58842430 
마을버스,금창운수_노원03_서울70사6835,226.58474743 
마을버스,쌍문운수_도봉05_서울70사6622,225.79260264 
마을버스,성암운수_마포08_서울70사7724,225.74426234 
마을버스,명승운수_동작08_서울75사8731,225.35429336 
마을버스,신호운수_관악06_서울75사5225,225.14303587 
마을버스,양재운수_서초08_서울74사6752,225.14048778 
마을버스,미봉운수_강북05_서울75사3117,225.13090540 
마을버스,은천운수_관악01_서울75사8905,225.09536706 
마을버스,서북운수_서대문06_서울75사5088,225.07450823 
마을버스,형일교통_영등포01_서울70사8522,224.25941471 
마을버스,대상운수_금천03_서울71사1598,224.18518085 
마을버스,명승운수_동작08_서울75사8820,224.15164206 
마을버스,성암운수_마포08_서울70사7723,224.14250206 
마을버스,청록운수_도봉02_서울75사3148,223.68984949 
마을버스,휘경운수_동대문03_서울75사6131,222.46987931 
마을버스,성암운수_마포08_서울74사2871,222.41755668 
마을버스,왕금운수_성동01_서울70사5926,222.29933180 
마을버스,대상운수_금천03_서울75사5046,222.18472324 
마을버스,서일교통_서초03_서울71사2918,222.00369276 
마을버스,쌍문운수_도봉06_서울70사6633,221.84873931 
마을버스,양재운수_서초08_서울70사9128,221.84571810 
마을버스,보라매마을버스_동작05-1_서울75사8750,221.13786358 
마을버스,강동교통_강동05_서울75사9747,220.98861728 
마을버스,부민운수_강서03_서울75사5160,220.86874396 
마을버스,강동교통_강동05_서울75사9734,220.74311785 
마을버스,한강운수_영등포12_서울71사1825,220.58981284 
마을버스,강동교통_강동05_서울75사9742,220.50424200 
마을버스,새롬교통_강남10_서울70사9250,219.94958539 
마을버스,약수교통_성북20_서울70사5524,219.53720134 
마을버스,대운교통_강서05_서울75사5381,219.43215933 
마을버스,강동교통_강동02_서울75사9735,219.34584063 
마을버스,강동교통_강동05_서울75사9729,219.28640734 
마을버스,스마일버스_강남07_서울70사9312,219.28111278 
마을버스,대운교통_강서05_서울71사2293,219.10632309 
마을버스,대상운수_금천03_서울75사8307,219.03599519 
마을버스,선흥상운_서초21_서울70사9116,218.33477821 
마을버스,종로운수_종로03_서울75사3163,217.03004465 
마을버스,성암운수_마포08_서울75사5179,216.92820732 
마을버스,서북운수_서대문06_서울70사7235,216.85237158 
마을버스,노들운수_동작12_서울75사8703,216.57138038 
마을버스,쌍문운수_도봉06_서울75사3368,216.46461450 
마을버스,구의교통_광진04_서울71사1002,216.26391634 
마을버스,부민운수_강서03_서울75사5322,215.65583814 
마을버스,영운운수_은평05_서울75사5281,215.00714123 
마을버스,영운교통_은평06_서울70사7129,214.91133142 
마을버스,영운운수_은평05_서울75사5105,214.75952119 
마을버스,부민운수_강서03_서울71사2309,214.68545496 
마을버스,청진교통_서초14_서울70사9160,214.57859781 
마을버스,보라매운수_동작05_서울75사8752,214.43516575 
마을버스,고척운수_구로05_서울75사5143,214.37232941 
마을버스,석계운수_성북13_서울75사2974,214.22264073 
마을버스,청진운수_서초13_서울70사9122,214.12747167 
마을버스,신명운수_강동01_서울75사9732,214.12734967 
마을버스,합성마을_동작15_서울75사8840,213.95800821 
마을버스,부생운수_서초07_서울75사6420,213.95410132 
마을버스,성서교통_노원11_서울75사3156,213.42202742 
마을버스,일원교통_강남03_서울75사3165,213.26379385 
마을버스,구의교통_광진02_서울71사1013,213.26239035 
마을버스,금천운수_금천08_서울70사9430,213.12382538 
마을버스,보라매마을버스_동작05-1_서울75사8755,213.08610495 
마을버스,석계운수_성북12_서울75사6408,213.03163189 
마을버스,와룡운수_종로07_서울70사5504,212.83708233 
마을버스,명승운수_동작08_서울75사8732,212.75512688 
마을버스,사당3동_동작17_서울75사8719,212.49665879 
마을버스,청진교통_서초14_서울70사9132,212.43392956 
마을버스,사당3동_동작17_서울75사8770,212.29026839 
마을버스,대상운수_금천03_서울75사5054,212.07800321 
마을버스,신명운수_강동01_서울75사9709,211.58708166 
마을버스,경성운수_금천05_서울70사5940,211.56178322 
마을버스,흑석운수_동작01_서울75사8842,211.45051531 
마을버스,와룡운수_종로08_서울70사5535,210.78904718 
마을버스,선흥상운_서초21_서울75사9107,210.56051645 
마을버스,태화운수_서대문12_서울75사5262,209.96311959 
마을버스,태화운수_서대문12_서울75사2743,209.60282907 
마을버스,스마일버스_강남07_서울75사3375,209.42773484 
마을버스,금양운수_용산04_서울74아1003,209.31857266 
마을버스,청진교통_서초14_서울75사6402,209.25233420 
마을버스,청록운수_도봉02_서울75사3339,209.24264565 
마을버스,서일교통_서초03_서울75사3262,207.89292920 
마을버스,서애운수_서초11_서울70사9109,207.64118992 
마을버스,청진교통_서초14_서울70사9290,207.62373321 
마을버스,진양교통_도봉08_서울70사6626,207.54397567 
마을버스,금호교통_성동08_서울75사5317,207.48831145 
마을버스,형일교통_영등포01_서울70사8537,207.42420945 
마을버스,부일교통_서대문01_서울75사5323,207.31823705 
마을버스,진양교통_도봉09_서울70사6646,207.06770290 
마을버스,성서교통_노원05_서울70사6804,206.92494232 
마을버스,서초교통_서초10_서울74사8318,206.70837443 
마을버스,명승운수_동작08_서울75사8730,206.64939843 
마을버스,정암운수_마포10_서울75사7741,206.33314550 
마을버스,쌍문운수_도봉05_서울75사3369,206.23979159 
마을버스,대상운수_금천03_서울75사5057,206.14062529 
마을버스,흑석운수_동작01_서울75사3593,206.08239714 
마을버스,와룡운수_종로08_서울70사5510,206.08100854 
마을버스,쌍문운수_도봉07_서울70사6638,205.99198900 
마을버스,금양운수_용산04_서울74아1001,205.80726583 
마을버스,약수교통_성북20_서울70사5513,205.79165686 
마을버스,석계운수_성북13_서울71사1604,205.67282103 
마을버스,서일교통_서초03_서울75사2573,205.43315168 
마을버스,대영마을_영등포05_서울70사8504,204.19308450 
마을버스,서북운수_서대문06_서울75사5176,204.05152906 
마을버스,부생운수_서초15_서울70사9134,204.04618792 
마을버스,대운교통_강서05_서울70사8265,203.84141523 
마을버스,선진운수_은평02_서울75사5395,203.74610927 
마을버스,대운교통_강서05_서울75사2579,203.59442104 
마을버스,아현운수_마포03_서울75사5102,203.16085778 
마을버스,고려승객_성북21_서울70사6475,203.12486310 
마을버스,선흥상운_서초21_서울71사2910,203.11128255 
마을버스,종로운수_종로03_서울75사3164,203.06883194 
마을버스,강동교통_강동02_서울75사3500,202.85577420 
마을버스,안암교통_성북04_서울75사3293,202.66944915 
마을버스,종로운수_종로03_서울70사5508,202.62326021 
마을버스,합성마을_동작15_서울75사8764,202.44868472 
마을버스,종로운수_종로03_서울75사3171,202.18177792 
마을버스,신호운수_관악06_서울75사8917,202.11039763 
마을버스,청진교통_서초14_서울75사3259,202.10218802 
마을버스,신명운수_강동01_서울75사9708,202.00482197 
마을버스,일원교통_강남03_서울75사3332,201.90400723 
마을버스,정암운수_마포09_서울75사7762,201.70698501 
마을버스,경성운수_금천05_서울71사1588,201.66242961 
마을버스,명승운수_동작08_서울75사8715,201.22125279 
마을버스,한빛운수_광진05_서울74아1007,200.89491270 
마을버스,고척운수_구로05_서울75사5141,200.84150694 
마을버스,미향운수_강북10_서울75사3620,200.57316590 
마을버스,구의교통_광진04_서울71사1006,200.50430298 
마을버스,스마일버스_강남07_서울75사4100,200.41821245 
마을버스,금창운수_노원13_서울75사6810,200.37336741 
마을버스,합성마을_동작20_서울75사8765,200.29396098 
마을버스,염동운수_강서06_서울70사8119,200.07360820 
마을버스,우리마을버스_금천06_서울75사5229,199.65463225 
마을버스,대운교통_강서05_서울71사2507,199.16207902 
마을버스,성서교통_노원11_서울70사6802,199.07592796 
마을버스,진양교통_도봉09_서울75사3145,199.02285747 
마을버스,새롬교통_강남10_서울70사9292,198.83667026 
마을버스,선진운수_은평02_서울75사5396,198.78179953 
마을버스,쌍문운수_도봉06_서울70사6632,198.55827373 
마을버스,동호운수_성동05_서울75사3272,198.48460425 
마을버스,새한교통_강서01_서울70사8137,198.46293610 
마을버스,서북운수_서대문06_서울70사7253,197.98672479 
마을버스,쌍문운수_도봉06_서울70사6636,197.76458759 
마을버스,대영마을_영등포05_서울75사5325,197.60075398 
마을버스,미봉운수_강북05_서울75사3193,197.46650662 
마을버스,양재운수_서초08_서울70사9129,197.22940028 
마을버스,보라매운수_동작05_서울75사5002,197.17120379 
마을버스,대상운수_금천09_서울71사2514,197.14428671 
마을버스,양정운수_영등포09_서울75사5379,196.91140763 
마을버스,태영교통_용산02_서울75사5223,196.89617958 
마을버스,강동교통_강동05_서울75사9743,196.72871381 
마을버스,쌍문운수_도봉05_서울70사6631,196.71710208 
마을버스,태영교통_용산02_서울71사3502,196.30989060 
마을버스,아리랑교통_성북22_서울70사6593,196.26707491 
마을버스,청진교통_서초14_서울70사9124,196.26040664 
마을버스,연성운수_동작13_서울75사3634,196.17301971 
마을버스,오렌지교통_노원02_서울70사6904,196.02183532 
마을버스,대상운수_금천03_서울75사8304,195.89117449 
마을버스,대상운수_금천09_서울71사2515,195.81129495 
마을버스,금호교통_성동08_서울75사3319,195.76434325 
마을버스,종로운수_종로03_서울75사3170,195.69192547 
마을버스,성암운수_마포08_서울75사2792,195.59941068 
마을버스,태영교통_용산02_서울70사5714,195.50932292 
마을버스,대산교통_종로02_서울75사2009,195.24394255 
마을버스,보라매운수_동작05_서울75사8714,195.09403966 
마을버스,선흥상운_서초21_서울70사9106,195.08885220 
마을버스,일원교통_강남03_서울75사4002,194.98786889 
마을버스,은성운수_관악11_서울74사5270,194.94435098 
마을버스,대영마을_영등포05_서울70사8539,194.53951996 
마을버스,낙산운수_성동03-2_서울70사5941,194.28507984 
마을버스,고척운수_구로05_서울75사5147,194.21176147 
마을버스,서일교통_서초03_서울71사2901,193.89396627 
마을버스,미봉운수_강북05_서울71사1302,193.80693045 
마을버스,태진마을버스_영등포11_서울74사8413,193.72483809 
마을버스,종로운수_종로03_서울70사5507,193.64846777 
마을버스,대산교통_종로02_서울75사2008,193.46926920 
마을버스,아현운수_마포04_서울75사5113,193.39959696 
마을버스,새롬교통_강남10_서울70사9301,193.39109771 
마을버스,태현교통_동대문05_서울75사6113,193.09828151 
마을버스,우리마을버스_금천06_서울75사5259,193.06156877 
마을버스,노들운수_동작12_서울75사8781,193.04359425 
마을버스,금창운수_노원04_서울75사6814,193.01806670 
마을버스,정암운수_마포10_서울70사7757,192.69731175 
마을버스,나경운수_종로05_서울75사3018,192.59123225 
마을버스,경성운수_금천05_서울75사5230,191.81700144 
마을버스,합성마을_동작15_서울75사8763,191.02334604 
마을버스,태영교통_용산02_서울70사6801,190.68487547 
마을버스,쌍문운수_도봉07_서울70사6605,190.04347268 
마을버스,낙산운수_성동03_서울75사3215,189.93688934 
마을버스,성서교통_노원05_서울75사3577,189.48973063 
마을버스,스마일버스_강남07_서울75사6127,189.34411649 
마을버스,성서교통_노원11_서울75사3113,189.11296036 
마을버스,진양교통_도봉08_서울75사3144,188.53942864 
마을버스,진양교통_도봉09_서울75사3572,187.95039412 
마을버스,한강운수_영등포12_서울75사3383,187.88680993 
마을버스,약수교통_종로13_서울70사5516,187.85070814 
마을버스,성서교통_노원11_서울70사6803,187.66603060 
마을버스,아리랑교통_성북22_서울75사3091,187.60913052 
마을버스,대상운수_금천03_서울75사8303,187.60104384 
마을버스,서애운수_서초11_서울75자3247,187.52256781 
마을버스,와룡운수_종로08_서울75사3611,187.08653282 
마을버스,선진운수_은평02_서울70사7004,187.08547950 
마을버스,길음운수_성북09_서울75사3036,186.96881086 
마을버스,부민운수_강서03_서울75사8109,186.90878339 
마을버스,서초그린교통_서초02_서울75사3149,186.84458919 
마을버스,구의교통_광진04_서울71사1005,186.57717854 
마을버스,한마음교통_노원09_서울75사3550,186.52221654 
마을버스,연성운수_동작13_서울75사3633,186.28929183 
마을버스,인헌운수_관악05_서울70사9084,186.20957993 
마을버스,부일교통_서대문01_서울75사5370,186.20063737 
마을버스,스마일버스_강남07_서울75사3373,185.84091216 
마을버스,아현운수_마포04_서울70사7703,185.70208736 
마을버스,나경운수_종로05_서울70사5520,185.47132891 
마을버스,길음운수_성북08_서울70사6435,185.21701079 
마을버스,새롬교통_강남10_서울70사9234,185.21520961 
마을버스,영운교통_은평06_서울75사5108,185.21188386 
마을버스,구의교통_광진04_서울71사1001,184.69708227 
마을버스,미향운수_강북10_서울75사3658,184.54240449 
마을버스,사당3동_동작07_서울75사8701,182.88063072 
마을버스,서일교통_서초03_서울70사9287,182.59257544 
마을버스,태영교통_용산02_서울71사3501,182.56369047 
마을버스,화인운수_동작09_서울75사8792,182.33120721 
마을버스,쌍문운수_도봉06_서울75사3456,182.23411590 
마을버스,신수동마을_마포11_서울70사7806,181.98957853 
마을버스,성암운수_마포08_서울70사7719,181.96977209 
마을버스,새롬교통_강남10_서울70사9289,181.78320304 
마을버스,대진여객_성북07_서울75사3081,181.68307468 
마을버스,대림운수_영등포04_서울70사8532,181.45220913 
마을버스,선진운수_은평04_서울70사7005,181.42076116 
마을버스,태진마을버스_영등포11_서울74사8433,181.25334196 
마을버스,인수운수_강북01_서울75사3573,181.13896158 
마을버스,광장운수_광진01_서울71사1012,181.07102998 
마을버스,대영마을_영등포05_서울70사8503,181.05015531 
마을버스,쌍문운수_도봉06_서울75사3472,180.77064492 
마을버스,신수동마을_마포17_서울70사7809,180.69499172 
마을버스,서일교통_서초03_서울70사9247,180.48974592 
마을버스,갈현운수_은평09_서울70사7117,180.43292221 
마을버스,우리마을버스_금천06_서울75사5389,180.27093541 
마을버스,수빈운수_구로10_서울70사8337,180.01968414 
마을버스,염동운수_강서06_서울71사2276,180.01782242 
마을버스,수빈운수_구로10_서울70사8321,179.89840731 
마을버스,종로운수_종로03_서울75사2007,179.79992647 
마을버스,성서교통_노원05_서울75사3580,179.53407299 
마을버스,부생운수_서초15_서울71사2914,179.43261750 
마을버스,낙산운수_성동03_서울75사3241,179.02098037 
마을버스,성암운수_마포08_서울70사7731,178.87991294 
마을버스,금호교통_성동08_서울75사5315,178.51063516 
마을버스,응봉운수_성동02_서울75사3566,178.41352802 
마을버스,명승운수_동작08_서울75사8717,178.23451199 
마을버스,새롬교통_강남10_서울70사9291,178.22402995 
마을버스,금호교통_성동08_서울75사5316,177.61169467 
마을버스,한강운수_영등포12_서울70사8511,177.55667120 
마을버스,미향운수_강북10_서울75사3619,177.49713175 
마을버스,오봉운수_구로02_서울75사5066,177.42227204 
마을버스,한강운수_영등포12_서울75사5127,177.36968957 
마을버스,양재운수_서초08_서울70사9127,176.89651530 
마을버스,수빈운수_구로10_서울70사8336,176.85014382 
마을버스,한마음교통_노원09_서울75사3551,176.74644478 
마을버스,금호교통_성동08_서울75사5304,176.43659934 
마을버스,새롬교통_강남10_서울70사9302,176.32894870 
마을버스,대영마을_영등포05_서울70사8558,176.23530608 
마을버스,금호교통_성동08_서울75사3317,176.20680202 
마을버스,양정운수_영등포09_서울75사5236,176.09948758 
마을버스,신수동마을_마포17_서울75사5257,175.79953000 
마을버스,양정운수_영등포09_서울70사8518,175.66764820 
마을버스,홍제교통_서대문09_서울75사5090,175.55235326 
마을버스,갈현운수_은평09_서울70사7131,174.40840136 
마을버스,성서교통_노원05_서울75사3042,174.40826446 
마을버스,성암운수_마포08_서울75사5123,174.38142374 
마을버스,연성운수_동작13_서울75사8817,174.31050073 
마을버스,약수교통_성북20_서울70사5523,173.55177272 
마을버스,수빈운수_구로10_서울70사8383,173.38748183 
마을버스,우리마을버스_금천06_서울71사2628,173.18090796 
마을버스,홍제교통_서대문09_서울75사5190,173.16868622 
마을버스,은곡운수_강남06_서울75사3289,173.15901164 
마을버스,보라매마을버스_동작05-1_서울75사8712,173.14105202 
마을버스,새한교통_강서01_서울75사5109,172.87045252 
마을버스,한빛운수_광진05_서울70사9675,172.82289080 
마을버스,태화운수_서대문08_서울70사7225,172.79437277 
마을버스,서북운수_서대문06_서울75사5175,172.72964492 
마을버스,인헌운수_관악02_서울75사5165,172.66015615 
마을버스,금양운수_용산04_서울71사1008,172.64660634 
마을버스,웅산교통_마포02_서울75사5134,172.42425494 
마을버스,새한교통_강서01_서울75사5414,172.20828217 
마을버스,대영마을_영등포05_서울70사8505,171.78105190 
마을버스,금호교통_성동08_서울75사3318,171.69302329 
마을버스,아리랑교통_성북22_서울70사6594,171.64482083 
마을버스,하이상운_강북12_서울73바1316,171.36453278 
마을버스,범일운수_금천01_서울71사2512,170.98913528 
마을버스,노들운수_동작03_서울75사8833,170.70581019 
마을버스,신수동마을_마포11_서울75사5256,170.00628635 
마을버스,한강운수_영등포13_서울75사5905,169.99720782 
마을버스,하이상운_강북12_서울71사1214 ,169.79913320 
마을버스,성암운수_마포08_서울70사7730,169.60501112 
마을버스,대산교통_종로01_서울70사5505,169.50927768 
마을버스,신호운수_관악06_서울75사8916,169.07222010 
마을버스,홍제교통_서대문09_서울75사5097,168.69992111 
마을버스,대산교통_종로02_서울70사5509,168.29155013 
마을버스,구의교통_광진03_서울75사3351,168.02249104 
마을버스,복지운수_강북09_서울75사3640,167.99859609 
마을버스,금호교통_성동08_서울70사5930,167.73042269 
마을버스,웅산교통_마포01_서울70사7754,167.59397928 
마을버스,한빛운수_광진05_서울70사9676,167.54293814 
마을버스,일원교통_강남03_서울70사9437,167.50875860 
마을버스,난곡운수_관악10_서울75사5228,167.32615698 
마을버스,금창운수_노원03_서울75사6811,167.18179360 
마을버스,합성마을_동작14_서울75사8708,167.04116855 
마을버스,중랑운수_중랑02_서울75사6218,166.81684833 
마을버스,쌍문운수_도봉06_서울75사3167,166.81236308 
마을버스,대림운수_영등포04_서울70사8530,166.80085752 
마을버스,석계운수_성북14_서울70사6566,165.93034379 
마을버스,중랑운수_중랑02_서울75사6226,165.87008629 
마을버스,대산교통_종로01_서울75사2011,165.49169924 
마을버스,우리교통_양천04_서울70사7911,165.44844024 
마을버스,수빈운수_구로10_서울70사8363,165.38694780 
마을버스,범일운수_금천02_서울75사5172,164.93634041 
마을버스,고려승객_성북21_서울70사6434,164.85551465 
마을버스,와룡운수_종로08_서울75사3614,164.79225177 
마을버스,남산운수_용산03_서울75사5720,164.76261895 
마을버스,안암교통_성북04_서울75사3025,164.72462472 
마을버스,미향운수_강북10_서울75사3618,164.57839962 
마을버스,약수교통_종로13_서울70사5517,164.39981107 
마을버스,신수동마을_마포11_서울75사5284,164.03512564 
마을버스,신수동마을_마포12_서울70사7701,163.95696998 
마을버스,서애운수_서초11_서울70사9110,163.53871115 
마을버스,태영교통_용산02_서울75사3592,163.51449583 
마을버스,태현교통_동대문05_서울75사6124,163.23265061 
마을버스,신림운수_관악07_서울75사5006,162.91143838 
마을버스,남산운수_용산03_서울75사5716,162.88912948 
마을버스,미향운수_강북10_서울71사1295,162.70341538 
마을버스,부민운수_강서03_서울75사8108,162.60552965 
마을버스,대림운수_영등포04_서울70사8524,162.58065775 
마을버스,안암교통_성북04_서울70사6411,162.52703872 
마을버스,약수교통_성북20_서울70사6831,162.32325789 
마을버스,마포운수_마포15_서울70사7816,162.28529345 
마을버스,상도3동_동작02_서울75사8740,162.07519546 
마을버스,미향운수_서대문14_서울75사7208,161.82711814 
마을버스,개포운수_강남05_서울70사9306,161.73330694 
마을버스,성서교통_노원05_서울70사6850 ,161.66654974 
마을버스,한마음교통_노원09_서울75사3430,161.44572478 
마을버스,낙산운수_성동03_서울75사3326,161.31974757 
마을버스,중랑운수_중랑02_서울75사6227,161.30183451 
마을버스,화송옥수_성동10_서울70사5919,161.15673818 
마을버스,합성마을_동작15_서울75사3246,161.15271021 
마을버스,하이상운_강북08_서울71사1203,160.90615839 
마을버스,수현운수_구로11_서울70사8340,160.84510833 
마을버스,새한교통_강서01_서울75사5415,159.93594378 
마을버스,난곡운수_관악10_서울70사8903,159.68055744 
마을버스,인수운수_강북01_서울75사3125,159.62426737 
마을버스,스마일버스_강남07_서울75사3374,159.59132370 
마을버스,신수동마을_마포12_서울75사5270,159.38212629 
마을버스,경성운수_금천05_서울75사5231,159.31739844 
마을버스,대림운수_영등포04_서울70사8535,159.03417952 
마을버스,스마일버스_강남07_서울70사9313,158.80903602 
마을버스,고려승객_성북10_서울70사6508,158.74809306 
마을버스,인헌운수_관악04_서울70사8920,158.59056078 
마을버스,응봉운수_성동02_서울75사3624,158.41084253 
마을버스,우리마을버스_금천06_서울74아1401,158.17494225 
마을버스,부생운수_서초07_서울70사9148,158.07170141 
마을버스,진양교통_도봉09_서울71사3290,158.05152897 
마을버스,미향운수_서대문15_서울70사7317,157.87020884 
마을버스,고척운수_구로05_서울75사5144,157.79318195 
마을버스,금호교통_성동08_서울70사5925,157.65599068 
마을버스,화송옥수_성동13_서울70사5934,157.51078818 
마을버스,신수동마을_마포17_서울70사7807,156.96029644 
마을버스,경성운수_금천05_서울75사5258,156.64369240 
마을버스,연희교통_서대문04_서울75사7206,156.52783215 
마을버스,응봉운수_성동02_서울75사3567,156.46525566 
마을버스,신명운수_강동01_서울75사9706,156.29289206 
마을버스,스마일버스_강남07_서울70사9434,155.84878530 
마을버스,보라매운수_동작05_서울75사8843,155.79788201 
마을버스,명승운수_동작08_서울75사8733,155.73919658 
마을버스,석계운수_성북14_서울70사6575,155.68627976 
마을버스,은성운수_영등포07_서울70사8513,155.59706092 
마을버스,새한교통_강서02_서울70사8102,155.48068192 
마을버스,대림운수_영등포04_서울70사8527,155.23715224 
마을버스,한빛운수_광진05_서울75사5243,155.20405583 
마을버스,마포운수_마포15_서울70사7804,154.95101921 
마을버스,남산운수_용산03_서울75사5718,154.65968288 
마을버스,스마일버스_강남07_서울75사3616,154.59521487 
마을버스,인수운수_강북01_서울71사1201,154.56671175 
마을버스,새한교통_강서01_서울75사5118,154.51773070 
마을버스,금양운수_용산04_서울71사1009,154.16867100 
마을버스,태화운수_서대문08_서울70사7230,154.02474999 
마을버스,태현교통_동대문05_서울75사6129,153.70149259 
마을버스,낙산운수_성동03_서울75사3270,153.35653722 
마을버스,쌍문운수_도봉07_서울70사6629,153.08683738 
마을버스,상도3동_동작19_서울75사8831,152.80960128 
마을버스,신수동마을_마포11_서울75사5269,152.13345364 
마을버스,석계운수_성북13_서울75사2969,151.65060386 
마을버스,영운운수_은평05_서울75사5282,151.62779205 
마을버스,노들운수_동작12_서울75사8706,151.58096328 
마을버스,안암교통_성북04_서울70사6410,151.57778934 
마을버스,대림운수_영등포04_서울70사8531,151.14500467 
마을버스,승마교통_마포07_서울70사7712,150.88296495 
마을버스,합성마을_동작14_서울75사8734,150.76269489 
마을버스,양재운수_서초20_서울75사3257,150.74108914 
마을버스,은성운수_영등포07_서울70사8514,150.40592942 
마을버스,석계운수_성북13_서울75사2973,150.39245598 
마을버스,미봉운수_강북04_서울71사1206,150.33354145 
마을버스,금창운수_노원13_서울70사2804,150.29193088 
마을버스,대림운수_영등포04_서울70사8528,150.14938358 
마을버스,대림운수_영등포04_서울70사8534,149.51907378 
마을버스,태영교통_용산02_서울70사5716,149.41961691 
마을버스,낙산운수_성동03_서울75사3214,149.15010054 
마을버스,충정운수_서대문02_서울75사5192,149.08033796 
마을버스,영운운수_은평05_서울75사5280,148.96325674 
마을버스,화계운수_강북02_서울75사3140,148.88500981 
마을버스,대산교통_종로02_서울70사5511,148.63658138 
마을버스,계현운수_강남08_서울70사9299,148.63163792 
마을버스,온누리운수_마포05_서울75사5308,148.21839891 
마을버스,수현운수_구로11_서울70사8338,147.95593265 
마을버스,태현교통_동대문05_서울75사6111,147.57354744 
마을버스,수현운수_구로11_서울70사8319,147.48577867 
마을버스,상도3동_동작19_서울75사8829,147.19464071 
마을버스,수현운수_구로11_서울75사5302,147.19061274 
마을버스,마포운수_마포15_서울70사7803,147.18850702 
마을버스,태현교통_동대문05_서울75사6110,147.17845153 
마을버스,진양교통_도봉09_서울75사3180,147.11039700 
마을버스,태진마을버스_영등포11_서울74사8435,146.67361416 
마을버스,부민운수_강서03_서울75사8110,146.58453409 
마을버스,중랑운수_중랑02_서울75사6225,146.56021073 
마을버스,홍제교통_서대문10_서울75사5261,146.52778581 
마을버스,태경운수_영등포02_서울70사8547,146.41877729 
마을버스,아현운수_마포03_서울75사5093,146.39149513 
마을버스,일원교통_강남01_서울70사9441,146.29545622 
마을버스,광장운수_광진01_서울75사3324,146.20565809 
마을버스,계현운수_강남08_서울70사9298,146.17721550 
마을버스,인수운수_강북01_서울73바1326,145.77668719 
마을버스,인헌운수_관악02_서울75사5004,145.65921016 
마을버스,새롬교통_강남10_서울70사9233,145.42951994 
마을버스,부생운수_서초07_서울75사6418,145.28872725 
마을버스,인수운수_강북01_서울75사3126,145.10594215 
마을버스,미봉운수_강북05_서울71사1301,145.08767705 
마을버스,미봉운수_강북04_서울75사3313,144.96058691 
마을버스,수현운수_구로11_서울75사5303,144.90251150 
마을버스,갈현운수_은평09_서울70사7119,144.54775956 
마을버스,부생운수_서초15_서울74사5725,144.54421960 
마을버스,수현운수_구로11_서울70사8320,144.43731681 
마을버스,충정운수_서대문02_서울70사7272,144.09213234 
마을버스,웅산교통_마포02_서울75사5140,143.94589234 
마을버스,대영마을_영등포05_서울70사8545,143.85365322 
마을버스,태진마을버스_영등포11_서울74사8415,143.77087448 
마을버스,안암교통_성북04_서울70사6409,143.20858754 
마을버스,스마일버스_강남07_서울75사3617,143.19990575 
마을버스,화송옥수_성동10_서울75사3393,143.16586312 
마을버스,상도3동_동작02_서울75사3586,143.14247109 
마을버스,경성운수_금천05_서울71사1418,143.01701356 
마을버스,안암교통_성북04_서울70사6599,142.83903502 
마을버스,양정운수_영등포09_서울70사8517,142.69677736 
마을버스,서일교통_서초03_서울70사9272,142.41007995 
마을버스,영운운수_은평05_서울70사7113,142.16720592 
마을버스,안암교통_성북04_서울70사6408,141.77453611 
마을버스,상도3동_동작19_서울75사8830,141.56906120 
마을버스,대림운수_영등포04_서울70사8533,141.16610680 
마을버스,화송옥수_성동10_서울75사3394,140.73861670 
마을버스,우리운송_동대문02_서울75사6108 ,140.60917683 
마을버스,구의교통_광진03_서울75사3347,140.58459457 
마을버스,성삼운수_성북02_서울70사6418,140.44277929 
마을버스,중랑운수_중랑02_서울75사6217,139.97503649 
마을버스,고려승객_성북10_서울71사1605,139.96685762 
마을버스,일원교통_강남01_서울70사9438,139.72434960 
마을버스,서초그린교통_서초02_서울75사3631,139.25714139 
마을버스,새한교통_강서01_서울71사2303,138.81666586 
마을버스,나경운수_종로05_서울75사3019,138.79032899 
마을버스,대림운수_영등포04_서울70사8526,138.40213045 
마을버스,한빛운수_광진05_서울71사1826,138.29637133 
마을버스,화송옥수_성동13_서울70사5938,138.15657049 
마을버스,쌍문운수_도봉05_서울75사3168,138.10009789 
마을버스,양정운수_영등포09_서울70사8540,137.81109639 
마을버스,화송옥수_성동13_서울70사5939,137.12091092 
마을버스,세광운수_관악08_서울71사2003,136.68437209 
마을버스,진양교통_도봉08_서울75사3396,136.53095998 
마을버스,석계운수_성북14_서울75사2975,136.49745192 
마을버스,태경운수_영등포02_서울70사8552,136.30616758 
마을버스,응봉운수_성동02_서울75사3569,136.22650132 
마을버스,인왕교통_종로09_서울70사5533,135.80723573 
마을버스,한빛운수_광진05_서울74아1005,135.42874157 
마을버스,낙산운수_성동03_서울70사5903,134.96278413 
마을버스,나경운수_종로05_서울70사5519,134.85229481 
마을버스,고려승객_성북10_서울75사2988,134.75985732 
마을버스,경성운수_금천05_서울70사5935,134.69685335 
마을버스,한빛운수_광진05_서울75사5237,134.60688759 
마을버스,갈현운수_은평03_서울70사7029,134.26731899 
마을버스,휘경운수_동대문03_서울75사6132,134.20135528 
마을버스,갈현운수_은평03_서울70사7030,134.07434057 
마을버스,인헌운수_관악02_서울75사5164,133.91886931 
마을버스,인수운수_강북01_서울71사1293,133.88647418 
마을버스,청암운수_서초18_서울70사9296,133.87490809 
마을버스,금창운수_노원03_서울75사6809,133.81762709 
마을버스,신호운수_관악06_서울71사2005,133.78236350 
마을버스,계현운수_강남08_서울75사3266,133.61259457 
마을버스,갈현운수_은평03_서울75사5216,133.35974142 
마을버스,화인운수_동작09_서울75사8709,133.21115077 
마을버스,염동운수_강서04_서울71사2302,133.18313565 
마을버스,진양교통_도봉08_서울70사6627,132.92041048 
마을버스,한빛운수_광진05_서울75사5124,132.82878138 
마을버스,태현교통_동대문05_서울75사6128,132.78297428 
마을버스,하이상운_강북12_서울71사1210,132.74166826 
마을버스,남산운수_용산03_서울75사5721,132.28240982 
마을버스,금창운수_노원04_서울75사6808,131.92337006 
마을버스,대림운수_영등포04_서울70사8529,131.56358339 
마을버스,중랑운수_중랑02_서울75사6216,131.21157791 
마을버스,나경운수_종로05_서울70사5521,130.81326336 
마을버스,갈현운수_은평03_서울70사7001,130.81268314 
마을버스,양재운수_서초08_서울70사9114,130.68202231 
마을버스,포이운수_강남02_서울74사1905,130.52084390 
마을버스,포이운수_강남02_서울70사9317,130.19770849 
마을버스,대운교통_강서05_서울70사8127,130.12043759 
마을버스,동호운수_성동07_서울75사3352,130.03111258 
마을버스,연성운수_동작13_서울75사3600,129.85195965 
마을버스,낙산운수_성동03-2_서울70사5942,129.72726487 
마을버스,수유운수_강북03_서울75사3656,129.56721522 
마을버스,삼하운수_서대문13_서울70사7206,129.15692106 
마을버스,고려승객_성북10-1_서울75사2986,129.06881701 
마을버스,대림운수_영등포04_서울70사8525,129.06715367 
마을버스,연성운수_동작13_서울75사8735,128.48722842 
마을버스,수유운수_강북03_서울75사3427,128.20468098 
마을버스,종로운수_종로03_서울75사3176,127.91277282 
마을버스,새한교통_강서01_서울70사8129,127.89936829 
마을버스,약수교통_성북20_서울70사6829,127.69655604 
마을버스,태경운수_영등포02_서울70사8550,127.12970003 
마을버스,석계운수_성북12_서울75사6407,127.07205210 
마을버스,오봉운수_구로02_서울75사5067,126.84564944 
마을버스,노들운수_동작12_서울75사8702,126.56030990 
마을버스,석계운수_성북12_서울75사6405,126.40019972 
마을버스,홍제교통_서대문10_서울75사5089,126.03206653 
마을버스,인왕교통_종로09_서울70사5501,126.02639757 
마을버스,대진여객_성북06_서울75사3080,125.67060068 
마을버스,대영마을_영등포03_서울75사5327,125.57339482 
마을버스,남산운수_용산03_서울75사5719,125.36595948 
마을버스,우리마을버스_금천06_서울75사5232,124.87224583 
마을버스,승마교통_마포07_서울75사5112,124.15690627 
마을버스,인헌운수_관악02_서울75사8911,124.07262437 
마을버스,은성운수_영등포06_서울75사5334,123.75558447 
마을버스,태경운수_영등포02_서울70사8549,123.50431830 
마을버스,대상운수_금천04_서울71사2513,123.49268328 
마을버스,대영마을_영등포08_서울70사8554,123.35623894 
마을버스,대영마을_영등포03_서울70사8538,122.78965022 
마을버스,웅산교통_마포01_서울70사7755,122.68312834 
마을버스,웅산교통_마포01_서울70사7756,122.64353968 
마을버스,오봉운수_구로01_서울75사3076,122.58865312 
마을버스,서애운수_서초11_서울70사9102 ,122.11342622 
마을버스,성삼운수_성북02_서울71사1601,121.99896201 
마을버스,연성운수_동작13_서울75사8736,121.31655123 
마을버스,개웅운수_구로03_서울70사8360,120.38296554 
마을버스,스마일버스_강남07_서울75사6126,120.19008677 
마을버스,양정운수_영등포09_서울75사5250,119.68686711 
마을버스,광일운수_서초16_서울71사2913,119.61866729 
마을버스,은성운수_영등포06_서울75사5333,119.53923013 
마을버스,청암운수_서초18_서울75사9309,119.36017592 
마을버스,선진운수_은평01_서울75사5263,118.84583253 
마을버스,수유운수_강북03_서울75사3141,118.56430862 
마을버스,개웅운수_구로03_서울70사8362,118.52952559 
마을버스,청록운수_도봉04_서울75사3231,118.48139949 
마을버스,대영마을_영등포03_서울70사8507,117.95598641 
마을버스,서북교통_구로09_서울70사8374,117.86002386 
마을버스,새롬교통_강남10_서울70사9235,117.68909451 
마을버스,태진마을버스_영등포10_서울74사8431,117.53166933 
마을버스,한마음교통_노원09_서울70사6813,117.48409271 
마을버스,웅산교통_마포02_서울75사5146,116.98351242 
마을버스,웅산교통_마포01_서울75사7731,116.39166996 
마을버스,대상운수_금천04_서울71사2504,116.32605735 
마을버스,선진운수_은평01_서울75사7004,116.06024206 
마을버스,태화운수_서대문08_서울70사7227,115.84721413 
마을버스,금양운수_용산04_서울75사3385,115.80851767 
마을버스,화송옥수_성동10_서울75사3552,115.73290266 
마을버스,합성마을_동작06_서울75사3248,115.71575888 
마을버스,대영마을_영등포03_서울70사8508,115.37606828 
마을버스,계현운수_강남08_서울70사9297,115.21942168 
마을버스,구로운수_구로06_서울70사8367,115.15569314 
마을버스,양재운수_서초20_서울75사9106,114.88548294 
마을버스,태진마을버스_영등포10_서울74사8418,114.57352433 
마을버스,삼청교통_종로11_서울70사5529,114.46997803 
마을버스,휘경운수_동대문03_서울75사6103,114.21377584 
마을버스,대상운수_금천04_서울71사2506,114.20410965 
마을버스,우리마을버스_금천06_서울71사2629,113.95151541 
마을버스,개웅운수_구로03_서울70사8361,113.74268308 
마을버스,태화운수_서대문07_서울70사7231,113.56598698 
마을버스,선진운수_은평01_서울75사5264,113.55565675 
마을버스,개웅운수_구로04_서울75사5075,113.34310193 
마을버스,광일운수_서초16_서울70사9121,113.20096627 
마을버스,대운교통_강서05_서울70사8266,113.04656975 
마을버스,대상운수_금천04_서울71사1600,112.96248622 
마을버스,태진마을버스_영등포10_서울74사8412,112.94579320 
마을버스,중랑운수_중랑02_서울75사6215,112.93495167 
마을버스,이삭운수_금천11_서울71사2520,112.92247009 
마을버스,한강운수_영등포13_서울75사5378,112.54622694 
마을버스,와룡운수_종로08_서울75사3612,112.34199535 
마을버스,갈현운수_은평08-1_서울70사7115,112.12210823 
마을버스,서애운수_서초11_서울70사9103,112.03110497 
마을버스,계현운수_강남08_서울70사9104,111.75034288 
마을버스,부민운수_강서03_서울70사8130,111.69541907 
마을버스,쌍문운수_도봉07_서울70사6640,110.83400715 
마을버스,연성운수_동작13_서울75사8821,110.68728659 
마을버스,이삭운수_금천11_서울71사2517,110.39176211 
마을버스,이삭운수_금천11_서울71사2518,110.12227647 
마을버스,태영교통_용산02_서울75사5226,110.06284319 
마을버스,화송옥수_성동09_서울75사3561,109.74737536 
마을버스,태현교통_동대문05_서울75사6123,109.70671102 
마을버스,은성운수_영등포07_서울70사8512,109.69084967 
마을버스,태경운수_영등포02_서울70사8553,109.51536521 
마을버스,갈현운수_은평03_서울75사5135,109.27470401 
마을버스,인헌운수_관악04_서울75사5296,109.07726269 
마을버스,성삼운수_성북02_서울70사6421,108.94180275 
마을버스,한강운수_영등포13_서울70사8521,108.77599381 
마을버스,오류운수_구로15_서울75사5374,108.49929787 
마을버스,연희교통_마포14_서울75사5107,107.97901172 
마을버스,대영마을_영등포08_서울70사8555,107.93208331 
마을버스,태진마을버스_영등포10_서울74사8414,107.73758683 
마을버스,영운운수_은평10_서울70사7127,107.66508523 
마을버스,화송옥수_성동12_서울70사5927,107.51898214 
마을버스,화송옥수_성동09_서울75사3360,107.26709757 
마을버스,서북교통_구로09_서울70사8316,107.16631357 
마을버스,개웅운수_구로03_서울70사8328,106.97430465 
마을버스,양재운수_서초08_서울70사9113,106.96720891 
마을버스,화송옥수_성동12_서울70사5929,106.80957045 
마을버스,연성운수_동작13_서울75사8824,106.65822588 
마을버스,성삼운수_성북03_서울75사2985,106.57173954 
마을버스,오류운수_구로07_서울75사5368,106.48764763 
마을버스,갈현운수_은평08-1_서울70사7116,106.29853792 
마을버스,성삼운수_성북02_서울70사6419,106.22479208 
마을버스,남산운수_용산01_서울75사5252,105.13875540 
마을버스,태영교통_용산02_서울75사5222,104.40145899 
마을버스,우리운송_동대문02_서울75사6106,104.20301836 
마을버스,화인운수_동작09_서울75사8791,104.09452021 
마을버스,서북교통_구로09_서울70사8303,103.86524163 
마을버스,고려승객_성북10_서울70사6406,103.77502441 
마을버스,미향운수_서대문15_서울70사7316,103.62303909 
마을버스,대상운수_금천04_서울71사2502,103.49818412 
마을버스,은성운수_영등포07_서울70사8515,103.47935464 
마을버스,명승운수_동작08_서울75사8835,103.15038264 
마을버스,은수교통_종로12_서울75사5509,103.09540574 
마을버스,성암운수_마포08_서울70사7810,102.95464285 
마을버스,태영교통_용산02_서울75사5227,102.73203254 
마을버스,인왕교통_종로09_서울75사3185,102.70915180 
마을버스,수빈운수_구로12_서울70사8322,102.51914989 
마을버스,태경운수_영등포02_서울70사8551,102.42688004 
마을버스,연성운수_동작13_서울75사3181,102.40621213 
마을버스,화인운수_동작09_서울75사3249,101.65562481 
마을버스,염동운수_강서04_서울71사2271,101.55204777 
마을버스,서애운수_서초11_서울70사9161,101.11096967 
마을버스,광일운수_서초16_서울70사9219,100.92124157 
마을버스,서애운수_서초11_서울75자3245,100.12919642 
마을버스,형일교통_영등포01_서울70사8546,99.72328972 
마을버스,우리운송_동대문02_서울75사6105,99.23889115 
마을버스,청록운수_도봉02_서울70사6609,98.99359848 
마을버스,구로운수_구로06_서울75사8305,98.70780166 
마을버스,광장운수_광진01_서울75사3325,98.63153100 
마을버스,갈현운수_은평08-1_서울70사7118,98.60871918 
마을버스,오류운수_구로14_서울75사5214,98.48645795 
마을버스,충정운수_서대문02_서울75사5221,97.79329691 
마을버스,개웅운수_구로04_서울70사8385,97.60499559 
마을버스,서북운수_서대문05_서울75사5086,97.56295010 
마을버스,은천운수_관악01_서울70사9070,97.20723704 
마을버스,광장운수_광진01_서울71사1011,96.91960923 
마을버스,남산운수_용산01_서울75사5211,96.57497425 
마을버스,화송옥수_성동12_서울70사5928,96.26033064 
마을버스,우리마을버스_금천06_서울71사2627,96.26020771 
마을버스,갈현운수_은평09_서울70사7120,96.18974291 
마을버스,은수교통_종로12_서울70사5527,96.16957884 
마을버스,서북교통_구로09_서울70사8304,96.11602034 
마을버스,수빈운수_구로13_서울70사8365,96.03764303 
마을버스,오봉운수_구로01_서울75사3058,95.74388154 
마을버스,아현운수_마포03_서울70사7704,95.53196747 
마을버스,경성운수_금천07_서울71사1414,95.46721634 
마을버스,은수교통_종로12_서울70사5526,95.45337688 
마을버스,화인운수_동작09_서울75사3175,95.21508031 
마을버스,서북교통_구로09_서울70사8306,95.09465750 
마을버스,경성운수_금천07_서울71사1420,94.37977616 
마을버스,오봉운수_구로08_서울75사3057,93.70755032 
마을버스,대산교통_종로02_서울70사5512,93.57241075 
마을버스,고척운수_구로05_서울75사5145,93.17734558 
마을버스,대운교통_강서05_서울70사8126,93.15662365 
마을버스,성삼운수_성북03_서울75사3031,93.04995742 
마을버스,승마교통_마포07_서울75사5101,93.04214455 
마을버스,노들운수_동작03_서울75사8825,92.61923935 
마을버스,화계운수_강북02_서울75사3139,92.60511026 
마을버스,화인운수_동작09_서울75사8794,92.57299080 
마을버스,서북교통_구로09_서울70사8375,92.38053113 
마을버스,약수교통_종로06_서울70사6832,92.37066656 
마을버스,경성운수_금천07_서울70사5936,91.43812582 
마을버스,번창운수_노원14_서울70사6824,91.40894283 
마을버스,개웅운수_구로04_서울70사8387,91.30905196 
마을버스,광장운수_광진01_서울75사3310,90.85739125 
마을버스,광장운수_광진01_서울75사3311,90.75264726 
마을버스,은수교통_종로12_서울70사5528,90.70651978 
마을버스,대진여객_성북06_서울75사3079,90.39157070 
마을버스,오봉운수_구로01_서울75사3077,89.77703843 
마을버스,서북교통_구로09_서울70사8388,89.61162530 
마을버스,대산교통_종로02_서울75사2010,89.53214251 
마을버스,승마교통_마포07_서울70사7711,89.45203386 
마을버스,태영교통_용산02_서울70사5718,89.27284274 
마을버스,오봉운수_구로01_서울75사8310,88.89131900 
마을버스,연희교통_서대문04_서울75사5271,88.84919714 
마을버스,서북교통_구로09_서울70사8307,88.72722648 
마을버스,한빛운수_광진05_서울74아1006,88.58576231 
마을버스,남산운수_용산01_서울75사5212,88.51971477 
마을버스,성삼운수_성북03_서울75사3034,88.15681469 
마을버스,대진여객_성북06_서울70사6407,87.97572367 
마을버스,화인운수_동작09_서울75사8793,87.82478329 
마을버스,오봉운수_구로08_서울75사3078,87.15363313 
마을버스,갈현운수_은평08-2_서울70사7121,87.04748563 
마을버스,수유운수_강북03_서울75사2966,86.83091775 
마을버스,은수교통_종로12_서울75사5507,86.76968422 
마을버스,갈현운수_은평08-2_서울70사7122,86.67684905 
마을버스,청록운수_도봉03_서울70사6608,86.53958142 
마을버스,아리랑교통_성북01_서울70사6405,86.27670258 
마을버스,영운운수_은평10_서울70사7126,85.64536273 
마을버스,금천운수_금천08_서울70사9432,85.31279024 
마을버스,광일운수_서초17_서울75사9102,85.25864407 
마을버스,대진여객_성북07_서울70사6577,84.95088201 
마을버스,연희교통_마포13_서울70사7713,84.85528547 
마을버스,태현교통_동대문05_서울75사6112,84.66938045 
마을버스,미금운수_마포18_서울72바9461,84.64150224 
마을버스,미금운수_마포18_서울72바9458,84.29209143 
마을버스,광일운수_서초06_서울75사6417,84.25669093 
마을버스,화계운수_강북02_서울75사3657,84.21868179 
마을버스,대진여객_성북07_서울70사6578,83.92744418 
마을버스,서북교통_구로09_서울70사8302,83.01020786 
마을버스,우리운송_동대문02_서울75사6109,82.49866497 
마을버스,서애운수_서초11_서울75사5715,82.38375839 
마을버스,광일운수_서초17_서울70사9125,82.35179912 
마을버스,서북교통_구로09_서울70사8311,82.00923912 
마을버스,은수교통_종로12_서울70사5525,81.83567785 
마을버스,대영마을_영등포03_서울75사5328,81.60615526 
마을버스,응봉운수_성동02_서울75사3623,80.89244831 
마을버스,오봉운수_구로02_서울75사5069,80.61632514 
마을버스,인왕교통_종로09_서울75사2012,80.06380498 
마을버스,개웅운수_구로04_서울75사5073,80.01004811 
마을버스,양정운수_영등포09_서울75사5251,79.31863423 
마을버스,오봉운수_구로01_서울75사8308,79.06842791 
마을버스,구로운수_구로06_서울75사5050,78.90592236 
마을버스,삼청교통_종로11_서울75사5422,78.81260663 
마을버스,부일교통_서대문01_서울70사7295,78.63998413 
마을버스,광장운수_광진01_서울75사3309,78.49100512 
마을버스,오봉운수_구로01_서울75사3075,78.43652368 
마을버스,청암운수_서초18_서울75사9712,78.42520159 
마을버스,오류운수_구로14_서울75사5215,77.97305286 
마을버스,신림운수_관악08_서울70사9018,77.90135220 
마을버스,대운교통_강서05_서울70사8125,77.88700890 
마을버스,구로운수_구로06_서울75사5029,77.67005917 
마을버스,삼하운수_서대문13_서울75사3574,77.16887631 
마을버스,삼청교통_종로11_서울75사5423,76.97450276 
마을버스,오봉운수_구로08_서울75사3056,76.70609280 
마을버스,오봉운수_구로02_서울75사5068,76.29814930 
마을버스,오류운수_구로07_서울75사5213,76.22812688 
마을버스,삼청교통_종로11_서울75사5420,75.84540546 
마을버스,연성운수_동작13_서울75사8738,75.74092876 
마을버스,연희교통_서대문04_서울75사5272,75.72506741 
마을버스,금창운수_중랑01_서울75사2578,75.32859780 
마을버스,응봉운수_성동02_서울70사5931,74.87787586 
마을버스,수유운수_강북03_서울71사1280,74.86387622 
마을버스,영운운수_은평10_서울70사7128,74.52716026 
마을버스,태현교통_동대문05_서울75사6122,74.45540652 
마을버스,동호운수_성동05_서울75사3242,74.30385612 
마을버스,동호운수_성동06_서울70사5904,73.68892711 
마을버스,고척운수_구로05_서울75사5142,73.45688622 
마을버스,미금운수_마포18_서울72바9460,73.42671975 
마을버스,구로운수_구로06_서울75사5058,73.22162669 
마을버스,대산교통_종로01_서울70사5534,72.94571679 
마을버스,서초교통_서초10_서울70사9274,72.66767137 
마을버스,범일운수_금천01_서울71사2635,71.92623150 
마을버스,서북교통_구로09_서울70사8312,71.91585563 
마을버스,성삼운수_성북03_서울75사3030,71.56231720 
마을버스,오봉운수_구로08_서울70사8315,71.55134622 
마을버스,한마음교통_노원09_서울70사6814,71.33395411 
마을버스,홍제교통_서대문10_서울70사7218,71.27491757 
마을버스,미금운수_마포18_서울71사2525,71.19570114 
마을버스,오봉운수_구로02_서울75사5070,71.09525334 
마을버스,연일교통_서대문03_서울70사7224,70.91754116 
마을버스,수유운수_강북03_서울75사2965,70.18333394 
마을버스,고려승객_성북10_서울75사3021,70.07648423 
마을버스,갈현운수_은평08-2_서울70사7114,69.91724391 
마을버스,하이상운_강북12_서울71사1213,69.71041858 
마을버스,삼청교통_종로11_서울70사5531,69.17240936 
마을버스,승마교통_마포07_서울75사5100,68.85111239 
마을버스,인왕교통_종로09_서울70사5532,68.46874207 
마을버스,구로운수_구로06_서울75사5043,68.34603846 
마을버스,동호운수_성동05_서울75사3255,68.15312989 
마을버스,연희교통_서대문04_서울75사7207,67.91609991 
마을버스,오류운수_구로07_서울70사8389,67.52703898 
마을버스,화송옥수_성동09_서울70사5921,67.30560306 
마을버스,경성운수_금천07_서울71사1416,67.09321588 
마을버스,서애운수_서초11_서울70사9143,66.99206587 
마을버스,수유운수_강북03_서울75사3655,66.98972359 
마을버스,고려승객_성북10_서울75사3022,66.94571674 
마을버스,개웅운수_구로04_서울75사5072,66.92537665 
마을버스,노들운수_동작12_서울75사8705,66.81208778 
마을버스,미봉운수_강북04_서울75사3651,66.52288046 
마을버스,한마음교통_노원09_서울75사3158,65.60644507 
마을버스,서초그린교통_서초01_서울70사9159,65.42234030 
마을버스,구로운수_구로06_서울75사5028,65.30825794 
마을버스,동호운수_성동05_서울75사3361,65.13708457 
마을버스,미향운수_강북10_서울75사3653,64.55778517 
마을버스,은성운수_영등포06_서울75사5332,64.42023441 
마을버스,청록운수_도봉02_서울75사3244,63.79009597 
마을버스,응봉운수_성동02_서울75사3568,63.69961146 
마을버스,대영마을_영등포03_서울70사8557,63.42091411 
마을버스,번창운수_노원14_서울70사6825,63.08936328 
마을버스,대진여객_성북07_서울75사6404,62.93509249 
마을버스,동호운수_성동05_서울75사3346,62.86751945 
마을버스,수빈운수_구로13_서울70사8327,62.83044070 
마을버스,미향운수_서대문15_서울70사7318,61.93684042 
마을버스,삼청교통_종로11_서울70사5530,61.90686021 
마을버스,미금운수_마포18_서울70사7824,61.20853405 
마을버스,삼청교통_종로11_서울75사5421,60.96594594 
마을버스,석계운수_성북14_서울75사2976,60.94289012 
마을버스,경성운수_금천07_서울71사1417,60.49849745 
마을버스,삼하운수_서대문13_서울70사7308,60.49321778 
마을버스,연성운수_동작13_서울75사8737,59.50651132 
마을버스,미봉운수_강북06_서울75사3103,58.86414740 
마을버스,대산교통_종로02_서울75사5501,57.83179495 
마을버스,쌍문운수_도봉07_서울70사6628,57.38288909 
마을버스,서북교통_구로09_서울70사8314,57.27207195 
마을버스,번창운수_노원15_서울70사6812,56.57488666 
마을버스,동호운수_성동05_서울75사3121,55.79166766 
마을버스,고려승객_성북15_서울75사3020,55.53933326 
마을버스,서북교통_구로09_서울70사8313,55.32609951 
마을버스,미금운수_마포18_서울72바9459,55.14839571 
마을버스,경성운수_금천05_서울75사5234,54.62635402 
마을버스,흑석운수_동작10_서울75사3628,53.36927064 
마을버스,흑석운수_동작21_서울75사5503,53.23305167 
마을버스,약수교통_종로06_서울70사5514,53.22678387 
마을버스,왕금운수_성동01_서울75사3099,52.54555121 
마을버스,수현운수_구로11_서울70사8376,52.34378856 
마을버스,은수교통_종로12_서울75사5508,52.19053291 
마을버스,서초그린교통_서초01_서울70사9108,52.00231541 
마을버스,승마교통_마포07_서울75사5110,51.55464541 
마을버스,은천운수_관악01_서울75사5001,50.86263642 
마을버스,명승운수_동작08_서울75사8834,48.64838067 
마을버스,오류운수_구로07_서울71사1589,48.42983279 
마을버스,대진여객_성북07_서울75사6403,47.36270104 
마을버스,와룡운수_종로08_서울75사3613,47.26099409 
마을버스,오류운수_구로07_서울70사8366,47.10088763 
마을버스,명승운수_동작08_서울75사8718,46.80696130 
마을버스,흑석운수_동작10_서울75사8716,46.24568950 
마을버스,태화운수_서대문07_서울75사5277,46.09769024 
마을버스,연희교통_마포14_서울70사7714,45.59719842 
마을버스,홍제교통_서대문09_서울75사5094,44.72080618 
마을버스,노들운수_동작03_서울75사8827,44.71408483 
마을버스,우리운송_동대문01_서울75사6117,43.13522764 
마을버스,염동운수_강서06_서울71사2264,42.72028711 
마을버스,상도3동_동작11_서울75사8741,42.68316645 
마을버스,대상운수_금천09_서울71사2516,41.86614603 
마을버스,오봉운수_구로01_서울75사3059,41.40751995 
마을버스,영운교통_은평07_서울70사7110,40.94844405 
마을버스,우리마을버스_금천06_서울71사1419,40.94679654 
마을버스,화송옥수_성동12_서울75사3359,40.08520488 
마을버스,미봉운수_강북06_서울75사3111,38.76482788 
마을버스,홍제교통_서대문09_서울75사5095,37.20285371 
마을버스,개웅운수_구로03_서울70사8382,36.54121049 
마을버스,사당3동_동작07_서울75사3023,35.26473977 
마을버스,태영교통_용산02_서울70사5717,35.10116600 
마을버스,서초교통_서초10_서울70사9273,35.07286031 
마을버스,영운교통_은평07_서울70사7112,34.10786018 
마을버스,노들운수_동작12_서울75사8704,33.96128491 
마을버스,영운교통_은평07_서울70사7111,33.40299241 
마을버스,신목교통_양천03_서울70사8026,32.73406997 
마을버스,번창운수_노원15_서울70사6809,31.83876798 
마을버스,수빈운수_구로13_서울70사8386,31.51669689 
마을버스,청록운수_도봉02_서울75사3265,30.79554178 
마을버스,금창운수_노원13_서울75사6812,30.53389359 
마을버스,성서교통_노원05_서울75사6820,28.39418221 
마을버스,대진여객_성북05_서울75사6421,27.98213959 
마을버스,수빈운수_구로10_서울70사8381,27.42276760 
마을버스,오봉운수_구로08_서울75사5071,26.06903650 
마을버스,금창운수_중랑01_서울75사2577,26.01331715 
마을버스,광일운수_서초17_서울75사3268,24.86958504 
마을버스,휘경운수_동대문03_서울75사6102,23.26170728 
마을버스,응봉운수_성동02_서울75사3622,22.82913588 
마을버스,신수동마을_마포12_서울75사5283,22.30895236 
마을버스,대영마을_영등포05_서울70사8544,21.49386788 
마을버스,고척운수_구로05_서울75사5150,21.33711437 
마을버스,흑석운수_동작01_서울75사8822,19.23081018 
마을버스,서초교통_서초10_서울70사9144,18.43963051 
마을버스,와룡운수_종로07_서울70사5518,18.17066381 
마을버스,이삭운수_금천11_서울71사2519,17.83032417 
마을버스,연일교통_서대문03_서울75사7203,15.92916390 
마을버스,광일운수_서초06_서울75사6419,15.62737180 
마을버스,연일교통_서대문03_서울70사7287,15.12364671 
마을버스,광일운수_서초05_서울75사3239,14.91951654 
마을버스,왕금운수_성동01_서울70사5924,14.54469487 
마을버스,청록운수_도봉01_서울70사6639,13.06485180 
마을버스,서초교통_서초10_서울75사2575,12.92768288 
마을버스,인수운수_강북01_서울75사3128,12.09008787 
마을버스,금양운수_용산04_서울75사5244,9.02709672 
마을버스,태영교통_용산02_서울70사5715,8.33611777 
마을버스,번창운수_노원15_서울70사6837,8.23786166 
마을버스,합성마을_동작14_서울75사3174,7.51602408 
마을버스,개포운수_강남05_서울70사9305,7.47123528 
마을버스,서북운수_서대문06_서울75사5083,5.47372820 
마을버스,보라매운수_동작05_서울75사8836,3.96079230 
마을버스,범일운수_금천01-1_서울71사2630,3.86525774 
마을버스,범일운수_금천01-1_서울71사2631,3.47865176 
마을버스,범일운수_금천01-1_서울71사2633,2.63242769 
마을버스,범일운수_금천01-1_서울71사2511,2.58604336 
마을버스,서북운수_서대문05_서울75사5081,1.74901927 
마을버스,개웅운수_구로03_서울75사5074,1.21559250 
마을버스,광일운수_서초05_서울71사2915,0.65338576 
마을버스,온누리운수_마포06_서울70사7813,0.49509475 
마을버스,번창운수_노원15_서울70사6810,0.34725210 
마을버스,인헌운수_관악02_서울75사8908,0.08367001 
마을버스,흑석운수_동작01_서울75사5505,0.06577583 
마을버스,사당3동_동작16_서울75사8837,0.05217552 
마을버스,보라매마을버스_동작05-1_서울75사8832,0.04285718 
마을버스,서북운수_서대문05_서울75사5087,0.03185998 
마을버스,인헌운수_관악04_서울75사8910,0.02847074 
마을버스,삼하운수_서대문11_서울75사3130,0.02823737 
마을버스,신림운수_관악08_서울75사8901,0.02631743 
마을버스,약수교통_종로13_서울75사3160,0.02565316 
마을버스,번창운수_노원15_서울70사6870,0.02352615 
마을버스,번창운수_노원14_서울70사6822,0.02265232 
마을버스,번창운수_노원14_서울70사6612,0.02263112 
마을버스,삼하운수_서대문11_서울75사3133,0.02259863 
마을버스,번창운수_노원14_서울75사3636,0.01109919 
마을버스,번창운수_노원14_서울70사6839,0.00759834 
마을버스,번창운수_노원15_서울70사6838,0.00336791 
마을버스,수빈운수_구로10_서울70사8364,0.00122583 
마을버스,서북운수_서대문05_서울75사5085,0.00082500 
마을버스,수현운수_구로11_서울70사8339,0.00031712 
마을버스,수빈운수_구로10_서울70사8384,0.00015720 
마을버스,번창운수_노원14_서울70사6611,0.00012323 
마을버스,태화운수_서대문08_서울75사5385,0.00003245 
